url,language,language_confidence,pagerank_rank,authority_rank,closeness_centrality_rank,degree_rank,in_degree_rank,out_degree_rank,best_rank,rank_sum
scholarsatrisk.nyu.edu,English,1.0,32,1,2,21,1,27,1,84
facebook.com,English,1.0,78,2,71,35,2,66,2,254
scholarsatrisk.nyu.edu/Education-Advocacy/MONITOR.php,English,1.0,91,3,81,37,3,81,3,296
scholarsatrisk.nyu.edu/People/Board.php,English,1.0,92,4,82,38,4,82,4,302
scholarsatrisk.nyu.edu/Arabic.php,English,1.0,93,5,83,39,5,83,5,308
scholarsatrisk.nyu.edu/Contact/index.php,English,1.0,94,6,84,40,6,84,6,314
scholarsatrisk.nyu.edu/At-Risk-Scholars/Resources/Career-Resources.php,English,1.0,95,7,85,41,7,85,7,320
scholarsatrisk.nyu.edu/Russian.php,English,1.0,96,8,86,42,8,86,8,326
scholarsatrisk.nyu.edu/At-Risk-Scholars/Resources/Fellowships-Study.php,English,1.0,97,9,87,43,9,87,9,332
scholarsatrisk.nyu.edu/The-Network/Join-the-Network.php,English,1.0,98,10,88,44,10,88,10,338
scholarsatrisk.nyu.edu/Workshop/curriculum.php,English,1.0,99,11,89,45,11,89,11,344
scholarsatrisk.nyu.edu/About-Us/Friends-of-Scholars-at-Risk.php,English,1.0,100,12,90,46,12,90,12,350
twitter.com,English,1.0,101,13,91,47,13,91,13,356
scholarsatrisk.nyu.edu/About-Us/Mission.php,English,1.0,102,14,92,48,14,92,14,362
scholarsatrisk.nyu.edu/Contact,English,1.0,103,15,93,49,15,93,15,368
scholarsatrisk.nyu.edu/At-Risk-Scholars/Scholars-Seeking-Assistance.php,English,1.0,104,16,94,50,16,94,16,374
scholarsatrisk.nyu.edu/At-Risk-Scholars/Resources/Handbooks.php,English,1.0,105,17,95,51,17,95,17,380
scholarsatrisk.nyu.edu/Supporters/index.php,English,1.0,106,18,96,52,18,96,18,386
scholarsatrisk.nyu.edu/Site-Map/index.php,English,1.0,107,19,97,53,19,97,19,392
scholarsatrisk.nyu.edu/About-Us/FAQs.php,English,1.0,108,20,98,54,20,98,20,398
scholarsatrisk.nyu.edu/Education-Advocacy/Academic-Freedom-Survey.php,English,1.0,109,21,99,55,21,99,21,404
scholarsatrisk.nyu.edu/People/Staff.php,English,1.0,110,22,100,56,22,100,22,410
scholarsatrisk.nyu.edu/Events-News/Search.php,English,1.0,111,23,101,57,23,101,23,416
scholarsatrisk.nyu.edu/About-Us/History.php,English,1.0,112,24,102,58,24,102,24,422
scholarsatrisk.nyu.edu/share.php,Kinyarwanda,1.0,113,25,103,59,25,103,25,428
scholarsatrisk.nyu.edu/At-Risk-Scholars/Host-a-Scholar.php,English,1.0,114,26,104,60,26,104,26,434
scholarsatrisk.nyu.edu/Events-News/courage_to_think.php,English,1.0,115,27,105,61,27,105,27,440
scholarsatrisk.nyu.edu/At-Risk-Scholars/Apply-for-Assistance.php,English,1.0,116,28,106,62,28,106,28,446
scholarsatrisk.nyu.edu/The-Network/Member-Directory.php,English,1.0,117,29,107,63,29,107,29,452
scholarsatrisk.nyu.edu/French.php,French,1.0,118,30,108,64,30,108,30,458
scholarsatrisk.nyu.edu/Education-Advocacy/Research-Advocacy.php,English,1.0,119,31,109,65,31,109,31,464
scholarsatrisk.nyu.edu/The-Network/Partner-Networks.php,English,1.0,120,32,110,66,32,110,32,470
scholarsatrisk.nyu.edu/At-Risk-Scholars/Speaker-Series.php,English,1.0,121,33,111,67,33,111,33,476
scholarsatrisk.nyu.edu/Education-Advocacy/Alerts-Scholars-in-Prison.php,English,1.0,122,34,112,68,34,112,34,482
scholarsatrisk.nyu.edu/Education-Advocacy/Conferences.php,English,1.0,123,35,113,69,35,113,35,488
scholarsatrisk.nyu.edu/Spanish.php,Spanish,1.0,124,36,114,70,36,114,36,494
scholarsatrisk.nyu.edu/Events-News/Events.php,English,1.0,125,37,115,71,37,115,37,500
scholarsatrisk.nyu.edu/Jobs-Volunteer/index.php,English,1.0,126,38,116,72,38,116,38,506
scholarsatrisk.nyu.edu/Education-Advocacy/Scholars-in-Prison.php,English,1.0,127,39,117,73,39,117,39,512
americancouncils.org,English,1.0,13,396,33,36,43,39,13,560
twitter.com/AC_Global,English,1.0,17,446,35,23,72,22,17,615
auf.org,French,1.0,3,397,48,79,75,50,3,652
salsa4.salsalabs.com/o/50943/p/salsa/donation/common/public?donate_page_KEY=10321,English,1.0,177,408,9,5,80,5,5,684
ucoz.ru,Russian,1.0,2,612,16,11,40,15,2,696
twitter.com/ScholarsAtRisk,English,1.0,194,374,8,24,73,24,8,697
eventbrite.com/e/academic-freedom-free-expression-chinas-quest-for-world-class-universities-tickets-19016541989,English,1.0,128,407,15,34,85,33,15,702
rns.se,Swedish,1.0,10,552,34,33,41,38,10,708
donatenow.networkforgood.org/americancouncils/donate,English,1.0,42,536,27,22,83,21,21,731
eacea.ec.europa.eu/llp/index_en.php,English,1.0,14,399,66,128,89,67,14,763
youtube.com/user/AmericanCouncils,English,1.0,66,480,37,84,87,51,37,805
salsa4.salsalabs.com/o/50943/p/salsa/web/common/public/content?content_item_KEY=12864&killorg=True,English,1.0,258,437,4,2,126,2,2,829
salsa4.salsalabs.com/o/50943/p/salsa/web/common/public/content?content_item_KEY=13141,English,1.0,263,442,1,1,125,1,1,833
ehu.lt/en,English,1.0,80,547,3,31,146,31,3,838
salsa4.salsalabs.com/o/50943/p/salsa/web/tellafriend/public?tell_a_friend_KEY=8167,English,1.0,261,440,5,3,127,3,3,839
salsa4.salsalabs.com/o/50943/content_item/spotlightnaila,English,1.0,260,439,7,4,128,4,4,842
salsa4.salsalabs.com/o/50943/p/salsa/donation/common/public?donate_page_KEY=7353,English,1.0,257,436,10,6,129,6,6,844
salsa4.salsalabs.com/o/50943/content_item/syrianscholars,English,1.0,255,434,11,7,130,7,7,844
salsa4.salsalabs.com/o/50943/signup_page/montreal2016,English,1.0,254,433,12,8,131,8,8,846
salsa4.salsalabs.com/o/50943/content_item/awards-and-distinctions,English,1.0,256,435,13,9,132,9,9,854
epramova.org,Russian,1.0,195,398,38,92,88,54,38,865
salsa4.salsalabs.com/o/50943/p/salsa/web/common/public/signup?signup_page_KEY=7255,English,1.0,264,443,14,10,133,10,10,874
acbalkansabroad.org/programs/bli,English,1.0,83,550,36,74,148,34,34,925
plus.google.com/+EuropeanCommission,English,1.0,44,716,39,25,84,23,23,931
ok.ru/ucozru,Russian,1.0,190,608,26,14,81,13,13,932
utemplate.pro,Russian,1.0,90,607,52,77,74,40,40,940
twitter.com/ucoz_ru,Kyrgyz,1.0,191,609,28,15,82,16,15,941
youtube.com/user/EhuCampaigner,Kyrgyz,1.0,268,404,6,91,160,52,6,981
youtube.com/user/eutube,English,1.0,79,673,45,75,86,36,36,994
ec.europa.eu/index_en.htm,English,1.0,269,405,44,86,155,45,44,1004
drugnews.nu/2015/12/01/fyra-stodlinjer-samlade,Swedish,1.0,70,819,25,13,135,12,12,1074
twitter.com/epramova,Latin,1.0,46,848,24,12,134,11,11,1075
eaie.org/home,English,1.0,266,402,59,127,167,60,59,1081
drugnews.nu/2015/12/01/forslag-underlatta-for-fler-sprututbyten,Swedish,1.0,71,820,29,16,136,14,14,1086
drugnews.nu/2015/12/02/svt-reporter-prisad-for-drogreportage,Swedish,1.0,69,818,30,17,137,17,17,1088
twitter.com/auf_org,English,1.0,18,841,42,26,141,25,18,1093
plus.google.com/+ucozru/posts,Russian,1.0,243,655,17,20,140,20,17,1095
drugnews.nu,Swedish,1.0,72,821,31,18,138,18,18,1098
manual.ucoz.net,Russian,1.0,229,641,18,32,147,32,18,1099
twitter.com/euatweets,English,1.0,8,840,47,30,145,30,8,1100
drugnews.nu/2015/11/30/70058,Swedish,1.0,73,822,32,19,139,19,19,1104
facebook.com/EHUOfficial,English,1.0,82,549,74,146,177,76,74,1104
eua.be/Home.aspx,English,1.0,265,401,51,143,174,73,51,1107
amisport.com.ua,Russian,1.0,230,642,43,27,142,26,26,1110
tilda-mania.ru,Russian,1.0,240,652,19,28,143,28,19,1110
peskomment.ru,Russian,1.0,234,646,46,29,144,29,29,1128
facebook.com/EuropeanCommission,English,1.0,43,715,77,134,91,69,43,1129
nature.com/news/lost-generation-looms-as-refugees-miss-university-1.18403,English,1.0,519,82,160,150,93,151,82,1155
vimeo.com/27342882,English,1.0,259,438,72,144,175,74,72,1162
facebook.com/ucoz,English,1.0,192,610,75,133,90,68,68,1168
facebook.com/Scholars-at-Risk,English,1.0,262,441,73,145,176,75,73,1172
upartner.pro,Russian,1.0,238,650,20,78,150,37,20,1173
spice108.ru,Russian,1.0,235,647,21,83,153,43,21,1182
chelseablues.ru,Russian,1.0,241,653,50,76,149,35,35,1204
narkotikafriskola.se,Swedish,1.0,68,817,40,85,154,44,40,1208
youtube.com/user/EAIEtv,English,1.0,31,834,55,87,156,46,31,1209
facebook.com/EAIE.org,English,1.0,12,829,78,135,92,70,12,1216
utemplate.pro?utm_campaign=umain3lp&utm_medium=ulp&utm_source=ucozmain,Russian,1.0,250,662,53,80,151,41,41,1237
pedsovet.su,Russian,1.0,239,651,56,88,157,47,47,1238
llp.teamwork.fr/partner_search/home.php,English,1.0,4,867,60,93,161,53,4,1238
windowsphone.com/ru-ru/store/app/%D0%BC%D0%BE%D0%B8-%D1%81%D0%B0%D0%B9%D1%82%D1%8B-%D1%87%D1%82%D0%B5%D0%BD%D0%B8%D0%B5-%D0%BD%D0%BE%D0%B2%D0%BE%D1%81%D1%82%D0%B5%D0%B9/bb28e4ab-eeba-4542-ac93-af6a1be71c5c,Kyrgyz,1.0,251,663,54,81,152,42,42,1243
insidehighered.com/news/2015/03/24/does-academic-freedom-mean-researchers-need-not-reveal-their-funding-sources,English,1.0,538,40,118,183,181,183,40,1243
ukit.com/ru?utm_campaign=umainlp1%2F&utm_medium=ulp&utm_source=ucozmain,Russian,1.0,242,654,57,89,158,48,48,1248
theconversation.com/creative-and-academic-freedom-under-threat-from-religious-intolerance-in-india-43743,English,1.0,539,41,119,184,182,184,41,1249
timeshighereducation.com/news/revised-prevent-guidance-universities-published%20,English,1.0,540,42,120,185,183,185,42,1255
ukit.com/ru?utm_campaign=umainlp2%2F&utm_medium=ulp&utm_source=ucozmain,Russian,1.0,244,656,58,90,159,49,49,1256
insidehighered.com/news/2015/03/13/presidents-say-they-want-more-input-faculty-hiring-and-tenure-decisions,English,1.0,541,43,121,186,184,186,43,1261
frontlinedefenders.org/node/28500,English,1.0,542,44,122,187,185,187,44,1267
igra35.ru,Russian,1.0,231,643,61,120,162,55,55,1272
insidehighered.com/news/2015/01/02/u-illinois-faculty-panel-issues-mixed-report-aborted-hiring-steven-salaita,English,1.0,543,45,123,188,186,188,45,1273
dailymotion.com/planeteauf,French,1.0,20,843,65,124,166,59,20,1277
insidehighered.com/news/2015/03/20/big-legal-win-academic-free-speech-europe,English,1.0,544,46,124,189,187,189,46,1279
ossetiashop.ru,Russian,1.0,233,645,62,121,163,56,56,1280
insidehighered.com/news/2015/06/09/wisconsin-madison-chancellor-vows-protect-academic-freedom-tenure,English,1.0,545,47,125,190,188,190,47,1285
insidehighered.com/news/2015/01/09/canadian-professors-spar-over-limits-academic-freedom,English,1.0,546,48,126,191,189,191,48,1291
pinterest.com/eucommission,English,1.0,138,720,70,132,171,64,64,1295
insidehighered.com/news/2015/03/27/should-university-partner-political-organization-host-event-campus,English,1.0,547,49,127,192,190,192,49,1297
youtube.com/user/planeteauf,English,1.0,21,844,49,142,173,72,21,1301
insidehighered.com/news/2015/07/22/russia-crackdown-foreign-funding-and-influence,English,1.0,548,50,128,193,191,193,50,1303
poetree.ru,Russian,1.0,245,657,63,122,164,57,57,1308
uid.me/pavel_kudinov,Kyrgyz,1.0,236,648,67,129,168,61,61,1309
insidehighered.com/blogs/world-view/glass-houses,English,1.0,549,51,129,194,192,194,51,1309
insidehighered.com/news/2015/06/23/report-calls-attention-crisis-attacks-higher-education-worldwide,English,1.0,550,52,130,195,193,195,52,1315
payment.ukit.com/page_quiz,Russian,1.0,249,661,23,140,172,71,23,1316
gta-real.com,Russian,1.0,248,660,64,123,165,58,58,1318
facebook.com/AmericanCouncils,English,1.0,16,445,501,136,76,147,16,1321
insidehighered.com/news/2015/07/23/hiring-materials-kean-us-campus-china-raise-questions-about-whether-institution,English,1.0,551,53,131,196,194,196,53,1321
m.vk.com/ehustudents,Russian,1.0,45,400,473,154,97,155,45,1324
news.vice.com/article/the-quest-to-save-the-worlds-scholars-from-persecution-and-death,English,1.0,552,54,132,197,195,197,54,1327
play.google.com/store/apps/details?id=com.ucoz.mysites,Latin,1.0,246,658,68,130,169,62,62,1333
indexoncensorship.org/2015/07/singacehungerstrike-rights-groups-denounce-bahrains-ongoing-detention-of-academic,English,1.0,553,55,133,198,196,198,55,1333
insidehighered.com/news/2015/08/18/ubc-roiling-presidents-resignation-board-chair-accused-interfering-academic-affairs,English,1.0,554,56,134,199,197,199,56,1339
facebook.com/aufinternational,English,1.0,19,842,79,148,179,78,19,1345
insidehighered.com/news/2015/05/08/college-defends-professor-accused-being-anti-christian,English,1.0,555,57,135,200,198,200,57,1345
youtube.com/watch?v=A9yfQ6z4b8Y,Kyrgyz,1.0,252,664,69,131,170,63,63,1349
timeshighereducation.com/news/us-bioethicist-quits-over-censorship-row-northwestern-university,English,1.0,556,58,136,201,199,201,58,1351
amnesty.org/en/latest/news/2015/08/russia-terror-trial,English,1.0,557,59,137,202,200,202,59,1357
timeshighereducation.com/news/greek-university-may-soon-enrol-syrian-refugees%20%20,English,1.0,558,60,138,203,201,203,60,1363
monsterhighdolls.ru,Russian,1.0,237,649,76,147,178,77,76,1364
timeshighereducation.com/news/refugees-gain-considerable-support-german-universities-study-suggests,English,1.0,559,61,139,204,202,204,61,1369
insidehighered.com/news/2015/04/21/colleges-stay-away-controversy-years-commencement-speakers,English,1.0,560,62,140,205,203,205,62,1375
insidehighered.com/quicktakes/2015/05/18/art-professor-reports-being-denied-entry-uae,English,1.0,561,63,141,206,204,206,63,1381
emediahub.net,Japanese,1.0,47,849,80,149,180,79,47,1384
insidehighered.com/news/2015/01/30/steven-salaitas-long-anticipated-lawsuit-against-u-illinois-includes-twist,English,1.0,562,64,142,207,205,207,64,1387
insidehighered.com/news/2015/06/26/officials-us-universities-china-tell-congress-they-have-protected-academic-freedom,English,1.0,563,65,143,208,206,208,65,1393
foreignpolicy.com/2015/03/12/burma-takes-a-big-step-backwards,English,1.0,564,66,144,209,207,209,66,1399
insidehighered.com/audio/2015/05/21/911-and-free-speech,English,1.0,565,67,145,210,208,210,67,1405
insidehighered.com/news/2015/05/05/u-minnesota-responds-student-complaint-about-posters,English,1.0,566,68,146,211,209,211,68,1411
insidehighered.com/news/2015/02/02/should-western-colleges-do-business-saudi-arabia,English,1.0,567,69,147,212,210,212,69,1417
indexoncensorship.org/2015/06/magazine-fear-terror-offence-pushing-criticial-voices-out-uk-universities,English,1.0,568,70,148,213,211,213,70,1423
insidehighered.com/views/2015/04/13/essay-criticizes-colleges-expelling-students-racist-comments,English,1.0,569,71,149,214,212,214,71,1429
insidehighered.com/news/2015/04/10/reports-troubles-webster-u%E2%80%99s-branch-campus-thailand,English,1.0,570,72,150,215,213,215,72,1435
insidehighered.com/news/2015/08/18/new-era-us-iranian-educational-exchange,English,1.0,571,73,151,216,214,216,73,1441
timeshighereducation.com/news/reading-lecturers-rebel-over-%E2%80%98erosion-academic-freedom%E2%80%99-new-contracts,English,1.0,572,74,152,217,215,217,74,1447
insidehighered.com/quicktakes/2015/02/09/al-arian-controversial-former-professor-deported,English,1.0,573,75,153,218,216,218,75,1453
abcnews.go.com/International,English,1.0,574,76,154,219,217,219,76,1459
insidehighered.com/news/2015/02/05/marquette-moves-fire-controversial-faculty-blogger,English,1.0,575,77,155,220,218,220,77,1465
insidehighered.com/news/2015/03/26/ohio-state-faculty-object-draft-intellectual-property-policy,English,1.0,576,78,156,221,219,221,78,1471
insidehighered.com/news/2015/06/05/faculty-members-protest-tenure-shared-governance-changes-board-regents,English,1.0,577,79,157,222,220,222,79,1477
chronicle.com/article/AAUP-Censures-U-of-Illinois/230887,English,1.0,578,80,158,223,221,223,80,1483
globalvoices.org/2015/05/14/they-belong-in-the-classroom-not-in-prison-myanmars-detained-student-protesters/%20,English,0.9999974859866778,579,81,159,224,222,224,81,1489
timeshighereducation.com/features/academic-freedom-in-hong-kong-unsafe-harbour,English,1.0,580,83,161,225,223,225,83,1497
scmp.com/news/hong-kong/education-community/article/1852149/300-hong-kong-academics-feel-obliged-speak-out,English,1.0,581,84,162,226,224,226,84,1503
aaup.org/report/UIUC,English,1.0,582,85,163,227,225,227,85,1509
huffingtonpost.com/entry/guns-in-class-free-speech_5612a720e4b0af3706e16f13,English,1.0,583,86,164,228,226,228,86,1515
universityworldnews.com/article.php?story=20150512145634690,English,1.0,584,87,165,229,227,229,87,1521
al-fanarmedia.org/2015/08/brand-new-universities-to-teach-syrian-refugees-this-fall,English,1.0,585,88,166,230,228,230,88,1527
thestar.com/yourtoronto/education/2015/10/23/scholars-at-risk-throws-lifeline-of-learning-to-those-whove-faced-danger.html,English,1.0,586,89,167,231,229,231,89,1533
al-fanarmedia.org/2015/08/academic-freedom-is-not-just-a-generic-human-right,English,1.0,587,90,168,232,230,232,90,1539
scmp.com/news/china/article/1677976/swedish-university-severs-ties-confucius-institute,English,1.0,588,91,169,233,231,233,91,1545
bmw.se/se/sv,Swedish,1.0,139,553,602,94,44,119,44,1551
universityworldnews.com/article.php?story=20151110181505538,English,1.0,589,92,170,234,232,234,92,1551
facebook.com/pages/Drugnewsnu/258911770822628,English,1.0,140,554,603,95,45,120,45,1557
todayszaman.com/columnist/abdullah-bozkurt/academic-freedom-no-more-in-turkey_374738.html,English,1.0,590,93,171,235,233,235,93,1557
cean.se,Swedish,1.0,141,555,604,96,46,121,46,1563
scmp.com/news/hong-kong/article/1711745/former-hku-law-dean-calls-review-governments-universities-role,English,1.0,591,94,172,236,234,236,94,1563
securitas.com/se/sv,Swedish,1.0,142,556,605,97,47,122,47,1569
csmonitor.com/World/Asia-Pacific/2015/0607/On-China-s-campuses-scholars-battle-ideology-and-red-tape%20,English,1.0,592,95,173,237,235,237,95,1569
visionutredningshem.se,Swedish,1.0,143,557,606,98,48,123,48,1575
washingtonpost.com/world/american-wounded-in-pakistan-in-apparent-terrorist-shooting-police-say/2015/04/16/28a4c9c4-e434-11e4-81ea-0649268f729e_story.html,English,1.0,593,96,174,238,236,238,96,1575
attendo.se,Swedish,1.0,144,558,607,99,49,124,49,1581
english.alarabiya.net/en/News/asia/2015/05/10/Hand-chopping-attackers-in-India-face-jail.html%20,English,1.0,594,97,175,239,237,239,97,1581
stagefright.se,English,1.0,145,559,608,100,50,125,50,1587
addisstandard.com/breaking-ethiopia-drops-infamous-terrorism-charges-against-all-bloggers,English,1.0,595,98,176,240,238,240,98,1587
msib.se,Swedish,1.0,146,560,609,101,51,126,51,1593
universityworldnews.com/article.php?story=20150411000953464,English,1.0,596,99,177,241,239,241,99,1593
sensus.se,Swedish,1.0,147,561,610,102,52,127,52,1599
news.nationalpost.com/full-comment/matthews-schouela-protecting-schools-during-wartime,English,1.0,597,100,178,242,240,242,100,1599
warpmans.com/system/visa.asp?FID=826&HID=870&HSID=15714,Swedish,1.0,148,562,611,103,53,128,53,1605
hrw.org/news/2015/01/21/ethiopia-media-being-decimated%20,English,1.0,598,101,179,243,241,243,101,1605
sca.com/sv,Swedish,1.0,149,563,612,104,54,129,54,1611
timeshighereducation.com/news/row-between-forced-exit-scholar-and-ntu-reignites/2017890.article,English,1.0,599,102,180,244,242,244,102,1611
iogt.se,Swedish,1.0,150,564,613,105,55,130,55,1617
al-fanarmedia.org/2015/01/will-2015-mean-arab-universities,English,1.0,600,103,181,245,243,245,103,1617
dansinspiratorerna.se,Swedish,1.0,151,565,614,106,56,131,56,1623
universityworldnews.com/article.php?story=20150818120740291,English,1.0,601,104,182,246,244,246,104,1623
democracyengine.com/subscriber_privacy_policy,English,1.0,397,376,453,152,95,153,95,1626
hasselagotland.se,Swedish,1.0,152,566,615,107,57,132,57,1629
washingtonpost.com/news/grade-point/wp/2015/05/19/after-outcry-marquette-university-removes-assata-shakur-campus-mural,English,1.0,602,105,183,247,245,247,105,1629
democracyengine.com/subscriber_tos,English,1.0,398,377,454,153,96,154,96,1632
mrf.se,Swedish,1.0,153,567,616,108,58,133,58,1635
thepienews.com/news/education-institutions-pledge-scholarships-support-for-syrian-refugees,English,1.0,603,106,184,248,246,248,106,1635
byggnads.se,Swedish,1.0,154,568,617,109,59,134,59,1641
charlotteobserver.com/news/local/education/article11341625.html,English,1.0,604,107,185,249,247,249,107,1641
facebook.com/pages/Scholars-at-Risk/228730320487174,English,1.0,421,375,452,151,94,152,94,1645
blankspotproject.se,Swedish,1.0,155,569,618,110,60,135,60,1647
bostonglobe.com/metro/2015/02/18/umass-reverses-policy-barring-iranians-from-graduate-programs/kVXuNqRHzVM7R168oJ4PjP/story.html,English,1.0,605,108,186,250,248,250,108,1647
se.vwr.com/store,English,1.0,156,570,619,111,61,136,61,1653
en.iranwire.com/features/6833,English,1.0,606,109,187,251,249,251,109,1653
redcross.se,Swedish,1.0,157,571,620,112,62,137,62,1659
theguardian.com/uk-news/2015/jan/12/make-universities-exempt-from-counter-terror-duty,English,1.0,607,110,188,252,250,252,110,1659
nonsmoking.se,Swedish,1.0,158,572,621,113,63,138,63,1665
scmp.com/comment/insight-opinion/article/1702945/worrying-silence-academic-freedom-comes-under-threat,English,1.0,608,111,189,253,251,253,111,1665
jm-entreprenad.se,Swedish,1.0,159,573,622,114,64,139,64,1671
universityworldnews.com/article.php?story=20150710072233289+,English,1.0,609,112,190,254,252,254,112,1671
freedawit.com,Swedish,1.0,160,574,623,115,65,140,65,1677
universityworldnews.com/article.php?story=20150922133824317,English,1.0,610,113,191,255,253,255,113,1677
twitter.com/Drug_News,English,1.0,161,575,624,116,66,141,66,1683
timeshighereducation.com/news/nobel-laureates-write-to-kaust-over-saudi-flogging-case/2018078.article,English,1.0,611,114,192,256,254,256,114,1683
fastighetsagarna.se,Swedish,1.0,162,576,625,117,67,142,67,1689
reuters.com/article/2015/03/26/us-thailand-politics-students-idUSKBN0MM1I520150326,English,1.0,612,115,193,257,255,257,115,1689
paradox-security.se/index.htm,Swedish,1.0,163,577,626,118,68,143,68,1695
scmp.com/news/hong-kong/education-community/article/1774745/mainland-china-trips-students-wont-be-compulsory,English,1.0,613,116,194,258,256,258,116,1695
www3.ridsport.se,Swedish,1.0,164,578,627,119,69,144,69,1701
washingtonpost.com/posteverything/wp/2015/06/09/college-is-not-a-commodity-stop-treating-it-like-one,English,1.0,614,117,195,259,257,259,117,1701
universityworldnews.com/article.php?story=20150313124945623,English,1.0,615,118,196,260,258,260,118,1707
theguardian.com/commentisfree/2015/apr/27/murdered-karachi-free-speech-sabeen-mahmud,English,1.0,616,119,197,261,259,261,119,1713
universityworldnews.com/article.php?story=20151022124704703,English,1.0,617,120,198,262,260,262,120,1719
kyrkepi.knowit.se/Harnosands_stift,,,175,579,628,125,70,145,70,1722
prachatai.com/english/node/4833,English,1.0,618,121,199,263,261,263,121,1725
yourvoice.se/default_webtool.asp?nodeid=27,,,176,580,629,126,71,146,71,1728
amnesty.org/en/latest/news/2015/07/gambia-prisoner-release-should-include-all-those-detained-for-expressing-dissent,English,1.0,619,122,200,264,262,264,122,1731
hrw.org/news/2015/04/15/dr-congo-release-7-detained-democracy-activists,English,1.0,620,123,201,265,263,265,123,1737
ec.europa.eu,Latin,1.0,11,672,694,138,78,149,11,1742
washingtonpost.com/world/china-raids-ngo-offices-in-latest-sign-of-crackdown-on-dissent/2015/03/26/4badeaac-d3b0-11e4-ab77-9646eea6a4c7_story.html,English,1.0,621,124,202,266,264,266,124,1743
universityworldnews.com/article.php?story=20150531124555148+,English,1.0,622,125,203,267,265,267,125,1749
nationmultimedia.com/breakingnews/Myanmar-upper-house-approves-student-unions-30256855.html,English,1.0,623,126,204,268,266,268,126,1755
timeshighereducation.com/news/universities-must-do-more-help-refugees-says-european-university-association,English,1.0,624,127,205,269,267,269,127,1761
instagram.com/ucoz_ru,Latin,1.0,165,595,644,137,77,148,77,1766
cnn.com/2015/11/06/europe/kiron-university-refugees/index.html,English,1.0,625,128,206,270,268,270,128,1767
washingtonpost.com/news/grade-point/wp/2015/08/24/cornells-new-president-its-time-to-look-at-higher-education-through-a-different-lens,English,1.0,626,129,207,271,269,271,129,1773
universityworldnews.com/article.php?story=20150606074419555,English,1.0,627,130,208,272,270,272,130,1779
timeshighereducation.com/news/arab-migrs-have-a-duty-to-help-their-home-nations-make-strides/2019103.article,English,1.0,628,131,209,273,271,273,131,1785
ukit.com,English,1.0,22,635,679,170,113,171,22,1790
universityworldnews.com/article.php?story=20150211085714731,English,1.0,629,132,210,274,272,274,132,1791
chronicle.com/article/Syrian-Students-Contend-With/234241,English,1.0,630,133,211,275,273,275,133,1797
nj.com/education/2015/04/rutgers_genovese_vietnam_anniversary_how_a_marxist.html,English,1.0,631,134,212,276,274,276,134,1803
universityworldnews.com/article.php?story=20150714010410984+,English,1.0,632,135,213,277,275,277,135,1809
universityworldnews.com/article.php?story=2015061811274261,English,1.0,633,136,214,278,276,278,136,1815
insidehighered.com/news/2015/10/22/new-book-details-founding-and-evolution-aaup,English,1.0,634,137,215,279,277,279,137,1821
twitter.com/EU_Commission,English,1.0,9,714,735,139,79,150,9,1826
universityworldnews.com/article.php?story=20150717203107339,English,1.0,635,138,216,280,278,280,138,1827
chronicle.com/article/3-Ways-a-Thaw-in-US-Iran/231593,English,1.0,636,139,217,281,279,281,139,1833
universityworldnews.com/article.php?story=20150602185559396,English,1.0,637,140,218,282,280,282,140,1839
hrw.org/news/2015/08/19/egypt-counterterrorism-law-erodes-basic-rights,English,1.0,638,141,219,283,281,283,141,1845
times.org/2015/05/19/the-silencing-of-hector-valenzuela,English,1.0,639,142,220,284,282,284,142,1851
ibtimes.co.uk/durban-university-rejects-students-calls-ban-zionist-students-1487803,English,1.0,640,143,221,285,283,285,143,1857
vocativ.com/news/215429/mexican-protest-goes-global,English,1.0,641,144,222,286,284,286,144,1863
thenation.com/article/new-thought-police?utm_medium=socialflow&utm_source=twitter,English,1.0,642,145,223,287,285,287,145,1869
timeshighereducation.com/blog/news-blog-are-universities-doing-enough-response-refugee-crisis,English,1.0,643,146,224,288,286,288,146,1875
al-fanarmedia.org/2015/10/an-independent-historian-documents-life-under-the-islamic-state,English,1.0,644,147,225,289,287,289,147,1881
al-fanarmedia.org/2015/11/forgotten-war-forgotten-country-forgotten-universities,English,1.0,645,148,226,290,288,290,148,1887
messenger.com,English,1.0,1,816,834,82,42,118,1,1893
theatlantic.com/education/archive/2015/02/colleges-need-their-imperfect-critics/385371,English,1.0,646,149,227,291,289,291,149,1893
m.vk.com/ucoz,Russian,1.0,193,611,656,165,108,166,108,1899
nature.com/news/russian-secret-service-to-vet-research-papers-1.18602,English,1.0,647,150,228,292,290,292,150,1899
allafrica.com/stories/201509170270.html,English,1.0,648,151,229,293,291,293,151,1905
scidev.net/global/migration/analysis-blog/view-on-migration-universities-welcome-syrian-scholars.html,English,1.0,649,152,230,294,292,294,152,1911
ucoz.ru/all,Russian,1.0,204,613,657,166,109,167,109,1916
nytimes.com/2015/01/17/world/asia/press-freedom-in-hong-kong-under-threat-report-says.html?_r=1,English,1.0,650,153,231,295,293,295,153,1917
forum.ucoz.ru,Russian,1.0,205,614,658,167,110,168,110,1922
washingtonpost.com/news/grade-point/wp/2015/06/23/killings-violence-disappearances-and-intimidation-threaten-academic-freedom,English,1.0,651,154,232,296,294,296,154,1923
book.ucoz.ru,Russian,1.0,206,615,659,168,111,169,111,1928
sinosphere.blogs.nytimes.com/2015/02/27/beijing-courts-address-the-right-to-criticize-public-figures?_r=0&ref=world,English,1.0,652,155,233,297,295,297,155,1929
universityworldnews.com/article.php?story=20150611114637488,English,1.0,653,156,234,298,296,298,156,1935
washingtonpost.com/world/asia_pacific/is-hong-kongs-academic-freedom-under-chinese-attack/2015/03/12/8680fc60-e819-4ed0-9097-04a9774cfd35_story.html,English,1.0,654,157,235,299,297,299,157,1941
hrw.org/news/2015/02/03/egypt-investigate-professors-allegations-torture,English,1.0,655,158,236,300,298,300,158,1947
mlive.com/news/kalamazoo,English,1.0,656,159,237,301,299,301,159,1953
universityworldnews.com/article.php?story=20150330041254595,English,1.0,657,160,238,302,300,302,160,1959
scmp.com/lifestyle/family-education/article/1748658/students-myanmar-seize-chance-assert-political-freedom,English,1.0,658,161,239,303,301,303,161,1965
scmp.com/comment/insight-opinion/article/1812129/develop-truly-creative-minds-chinese-universities-must,English,1.0,659,162,240,304,302,304,162,1971
indexoncensorship.org/2015/10/renewed-calls-for-al-singace-release-as-protest-hits-200-days,English,1.0,660,163,241,305,303,305,163,1977
timeshighereducation.com/news/counter-terror-bill-receives-royal-assent/2018525.article,English,1.0,661,164,242,306,304,306,164,1983
news.asiaone.com/news/asia/myanmar-students-call-release-all-detainees-protest,English,1.0,662,165,243,307,305,307,165,1989
utemplate.pro/shop/570/desc/photorama,Russian,1.0,338,597,646,155,98,156,98,1990
al-fanarmedia.org/2015/10/the-door-for-many-middle-east-scholars-is-slamming-shut,English,1.0,663,166,244,308,306,308,166,1995
blog.ucoz.ru/updates/img_alt,Russian,1.0,339,598,647,156,99,157,99,1996
passport.webmoney.ru/asp/certview.asp?wmid=137324187753,Russian,1.0,15,753,771,171,114,172,15,1996
scmp.com/news/china/policies-politics/article/1876856/chinas-education-dilemma-building-harvard-level,English,1.0,664,167,245,309,307,309,167,2001
ublackfriday.ru,Russian,1.0,340,599,648,157,100,158,100,2002
universityworldnews.com/article.php?story=20150116114624645,English,1.0,665,168,246,310,308,310,168,2007
utemplate.pro/shop/580/desc/invinitive,Russian,1.0,341,600,649,158,101,159,101,2008
hrw.org/news/2015/08/24/uae-reveal-whereabouts-academic,English,1.0,666,169,247,311,309,311,169,2013
utemplate.pro/autumn-contest-winner,Russian,1.0,342,601,650,159,102,160,102,2014
youtube.com?tab=X1,English,1.0,253,634,678,169,112,170,112,2016
scholarsatrisk.nyu.edu/Events-News/Academic-Freedom-News.php,English,1.0,667,170,248,312,310,312,170,2019
blog.ucoz.ru,Russian,1.0,343,602,651,160,103,161,103,2020
theatlantic.com/international/archive/2015/05/death-sentence-egypt-emad-shahin/393590,English,1.0,668,171,249,313,311,313,171,2025
uscript.pro/shop/85/item/avtomaticheskaja-podgruzka-stranic,Russian,1.0,344,603,652,161,104,162,104,2026
cambodiadaily.com/news/new-education-ministry-ban-comes-under-fire-91534,English,1.0,669,172,250,314,312,314,172,2031
yraaa.ru/templates/novogodnyaya-404-stranica,Russian,1.0,345,604,653,162,105,163,105,2032
economist.com/news/international/21640747-middle-east-free-expression-rarity-blasphemy-laws-are-favoured-tools%20,English,0.995681363011848,670,173,251,315,313,315,173,2037
ugarts.pro/load/decorations/calendar_style/5-1-0-76,Russian,1.0,346,605,654,163,106,164,106,2038
timeshighereducation.com/news/israeli-academics-nervous-about-direction-travel,English,1.0,671,174,252,316,314,316,174,2043
blog.ucoz.ru/ucoz/black_friday_2015,Russian,1.0,347,606,655,164,107,165,107,2044
megastock.ru,Russian,1.0,61,754,772,172,115,173,61,2047
universityworldnews.com/article.php?story=20150225204312995,English,1.0,672,175,253,317,315,317,175,2049
ucoztemplates.com,English,1.0,62,755,773,173,116,174,62,2053
rsc.org/chemistryworld/2015/09/jailing-retired-iranian-chemist-linked-nuclear-deal,English,1.0,673,176,254,318,316,318,176,2055
m.vk.com/utemplate,Russian,1.0,63,756,774,174,117,175,63,2059
timeshighereducation.com/news/prevent-strategy-naming-and-shaming-universities-sparks-concern,English,1.0,674,177,255,319,317,319,177,2061
twitter.com/uTemplate_pro,Latin,1.0,64,757,775,175,118,176,64,2065
chronicle.com/article/New-Texas-Law-Will-Allow/230725,English,1.0,675,178,256,320,318,320,178,2067
feedback.utemplate.pro/knowledgebase/articles/63922-%D0%A3%D1%81%D1%82%D0%B0%D0%BD%D0%BE%D0%B2%D0%BA%D0%B0-%D1%88%D0%B0%D0%B1%D0%BB%D0%BE%D0%BD%D0%B0-%D0%BD%D0%B0-%D0%B2%D0%B0%D1%88-%D1%81%D0%B0%D0%B9%D1%82,Russian,1.0,65,758,776,176,119,177,65,2071
al-fanarmedia.org/2015/10/students-protests-for-western-sahara-independence-draw-crackdowns,English,1.0,676,179,257,321,319,321,179,2073
timeshighereducation.com/news/a-year-of-is-rule-has-set-iraq-back-10-years/2020148.article%20,English,1.0,677,180,258,322,320,322,180,2079
universityworldnews.com/article.php?story=20150702182048499+,English,1.0,678,181,259,323,321,323,181,2085
timeshighereducation.com/news/forging-global-citizens-is-electrifying-says-head-of-nyu-abu-dhabi/2019749.article,English,1.0,679,182,260,324,322,324,182,2091
rferl.org/content/iranian-professors-urge-government-to-butt-out/27009980.html,English,1.0,680,183,261,325,323,325,183,2097
universityworldnews.com/article.php?story=20150613070333551,English,1.0,681,184,262,326,324,326,184,2103
brisbanetimes.com.au/queensland/researchers-appalled-and-concerned-over-treatment-of-a-university-of-queensland-economist-20150316-1m07wx.html,English,1.0,682,185,263,327,325,327,185,2109
dailyillini.com/article/2015/02/former-aaup-president-university-likely-to-face-censure,English,1.0,683,186,264,328,326,328,186,2115
scmp.com/news/hong-kong/article/1750911/defend-hong-kongs-academic-freedom-petition-urges-wake-political,English,1.0,684,187,265,329,327,329,187,2121
chronicle.com/interactives/umbrella_revolution,English,1.0,685,188,266,330,328,330,188,2127
miamiherald.com/news/local/education/article25443661.html,English,1.0,686,189,267,331,329,331,189,2133
facebook.com/ukitcom,English,1.0,37,803,821,177,120,178,37,2136
universityworldnews.com/article.php?story=2015070712335666+,English,1.0,687,190,268,332,330,332,190,2139
ok.ru/group/54819438723093,Russian,1.0,38,804,822,178,121,179,38,2142
al-fanarmedia.org/2015/03/new-egyptian-legal-firm-fights-for-student-rights,English,1.0,688,191,269,333,331,333,191,2145
instagram.com/ukitcom_ru,English,1.0,39,805,823,179,122,180,39,2148
universityworldnews.com/article.php?story=20150108091712235,English,1.0,689,192,270,334,332,334,192,2151
m.vk.com/ukitcom,Russian,1.0,40,806,824,180,123,181,40,2154
themalaysianinsider.com/malaysia/article/academic-freedom-critical-thinking-tools-to-fighting-extremism-forum-told,English,1.0,690,193,271,335,333,335,193,2157
twitter.com/ukitcom_ru,Kyrgyz,1.0,41,807,825,181,124,182,41,2160
insidehighered.com/news/2015/11/13/u-illinois-settles-professor-unhired-controversial-comments-twitter,English,1.0,691,194,272,336,334,336,194,2163
theguardian.com/world/2015/sep/15/beijing-releases-activist-guo-yushan-chinese-presidents-visit-us,English,1.0,692,195,273,337,335,337,195,2169
economist.com/news/china/21645222-officials-are-trying-stifle-independent-voices-universities-class-struggle,English,0.995681363011848,693,196,274,338,336,338,196,2175
chronicle.com/blogs/ticker/scholars-protest-death-sentence-for-egyptian-political-scientist/99589,English,1.0,694,197,275,339,337,339,197,2181
scmp.com/news/hong-kong/education-community/article/1830578/benny-tai-and-johannes-chan-call-hku-governance,English,1.0,695,198,276,340,338,340,198,2187
al-fanarmedia.org/2015/04/yemens-students-idle-as-air-attacks-continue,English,1.0,696,199,277,341,339,341,199,2193
iranhumanrights.org/2015/01/kokabee-sentence-reconfirmed,English,1.0,697,200,278,342,340,342,200,2199
uk.news.yahoo.com/umbrella-movement-meet-hong-kong-084343806.html,English,1.0,698,201,279,343,341,343,201,2205
washingtonpost.com/sf/investigative/2015/07/25/living-like-a-fugitive,English,1.0,699,202,280,344,342,344,202,2211
timeshighereducation.com/news/academics-back-decision-to-press-ahead-with-controversial-conference-on-israel/2019115.article,English,1.0,700,203,281,345,343,345,203,2217
hrw.org/news/2015/08/11/dispatches-ukraine-shouldnt-take-leaf-out-russias-book,English,1.0,701,204,282,346,344,346,204,2223
thespectrum.com/story/news/local/2015/05/05/dsu-altering-free-speech-policies/26956887,,,702,205,283,347,345,347,205,2229
telegraph.co.uk/education/educationnews/11632123/Lecturers-warn-we-wont-spy-on-our-students.html,English,1.0,703,206,284,348,346,348,206,2235
thecrimson.com/article/2015/2/18/law-profs-academic-freedom,English,1.0,704,207,285,349,347,349,207,2241
dawn.com/news/1175025/lums-students-protest-academic-censorship,English,1.0,705,208,286,350,348,350,208,2247
reuters.com/article/2015/01/16/us-hongkong-politics-idUSKBN0KP0M420150116,English,1.0,706,209,287,351,349,351,209,2253
montrealgazette.com/news/local-news/vanier-colleges-decision-to-cancel-talk-about-sex-workers-upsets-teachers-students,English,1.0,707,210,288,352,350,352,210,2259
dailybulletin.com/social-affairs/20150506/cal-poly-pomona-suspends-free-speech-zone-policy,English,1.0,708,211,289,353,351,353,211,2265
universityworldnews.com/article.php?story=20150827055141145,English,1.0,709,212,290,354,352,354,212,2271
time.com/4016747/mm-kalburgi-india-murder-rationalist-idol-worship-hindu-nationalism,English,1.0,710,213,291,355,353,355,213,2277
huffingtonpost.com/rangsiman-rome/demanding-democracy-is-sedemanding-democracy-is-seditious-in-thailand_b_7841590.html,English,1.0,711,214,292,356,354,356,214,2283
al-fanarmedia.org/2015/03/death-is-this-weeks-headline-in-egyptian-education,English,1.0,712,215,293,357,355,357,215,2289
bbc.com/news/world-middle-east-33984006,English,1.0,713,216,294,358,356,358,216,2295
theatlantic.com/international/archive/2015/01/chinas-news-assistants-persist-in-danger/384637,English,1.0,714,217,295,359,357,359,217,2301
japantimes.co.jp/opinion/2015/06/27/editorials/university-autonomy-fire,English,1.0,715,218,296,360,358,360,218,2307
nytimes.com/2015/06/04/world/africa/kenya-education-suffers-shabab-extremists-attacks.html?_r=0&smid=tw-share,English,1.0,716,219,297,361,359,361,219,2313
rfa.org/english/news/china/release-08062015113736.html,English,1.0,717,220,298,362,360,362,220,2319
theguardian.com/world/2015/apr/30/garissa-massacre-kenyan-minister-admits-intelligence-ignored,English,1.0,718,221,299,363,361,363,221,2325
dawn.com/news/1187179%20,English,1.0,719,222,300,364,362,364,222,2331
chronicle.com/article/Charlie-Hebdo-Massacre/151209,English,1.0,720,223,301,365,363,365,223,2337
themalaysianinsider.com/malaysia/article/um-bans-staff-from-organising-political-activities,English,1.0,721,224,302,366,364,366,224,2343
dawn.com/news/1181357/senior-educationist-dr-bernadette-leaves-pakistan-after-receiving-death-threats%20,English,1.0,722,225,303,367,365,367,225,2349
universityworldnews.com/article.php?story=20150717165536327+,English,1.0,723,226,304,368,366,368,226,2355
hrw.org/news/2015/11/01/egypt-scores-barred-traveling,English,1.0,724,227,305,369,367,369,227,2361
universityworldnews.com/article.php?story=20150714102743189,English,1.0,725,228,306,370,368,370,228,2367
englishnews.thaipbs.or.th/scholars-condemn-somsaks-dismissal,English,1.0,726,229,307,371,369,371,229,2373
prachatai.org/english/node/5628,English,1.0,727,230,308,372,370,372,230,2379
al-fanarmedia.org/2015/05/prominent-egyptian-scholar-sentenced-to-death-in-absentia,English,1.0,728,231,309,373,371,373,231,2385
timeshighereducation.com/news/first-syrian-refugee-welcomed-mexico-scholarship-scheme,English,1.0,729,232,310,374,372,374,232,2391
chronicle.com/article/When-Activism-Is-Worth-the/231729,English,1.0,730,233,311,375,373,375,233,2397
news.wbfo.org/post/lessons-learned-scholars-incendiary-tweets,English,1.0,731,234,312,376,374,376,234,2403
thechronicleherald.ca/metro/1279689-dalhousie-to-shell-out-for-donation,English,1.0,732,235,313,377,375,377,235,2409
hrw.org/news/2015/09/06/mexico-damning-report-disappearances,English,1.0,733,236,314,378,376,378,236,2415
nytimes.com/2015/04/24/opinion/the-cost-of-turkeys-genocide-denial.html?_r=0&smid=tw-share,English,1.0,734,237,315,379,377,379,237,2421
hrw.org/news/2015/08/06/tunisia-journalist-blogger-facing-charges,English,1.0,735,238,316,380,378,380,238,2427
foreignpolicy.com/2015/08/31/egypts-besieged-universities-sisi-academic-freedom,English,1.0,736,239,317,381,379,381,239,2433
chronicle.com/article/UAE-Incident-Raises/228565,English,1.0,737,240,318,382,380,382,240,2439
america.aljazeera.com/articles/2015/3/30/secular-blogger-hacked-to-death-in-bangladesh.html,English,1.0,738,241,319,383,381,383,241,2445
al-fanarmedia.org/2015/08/a-grim-anniversary-for-palestinian-universities,English,1.0,739,242,320,384,382,384,242,2451
huffingtonpost.com/jose-gabilondo/cuba-academic-freedom-for_b_8122954.html?ir=Education&utm_hp_ref=education,English,1.0,740,243,321,385,383,385,243,2457
al-fanarmedia.org/2015/07/once-proud-iraqi-medical-schools-now-down-at-the-heels,English,1.0,741,244,322,386,384,386,244,2463
scmp.com/comment/insight-opinion/article/1861280/delay-hku-appointment-johannes-chan-makes-mockery-beijings,English,1.0,742,245,323,387,385,387,245,2469
huffingtonpost.com/pen-american-center/jewher-ilham-my-father-my_b_8183608.html,English,1.0,743,246,324,388,386,388,246,2475
todayszaman.com/national_new-regulation-allowing-yok-to-shut-down-private-universities-goes-into-effect_404791.html,English,1.0,744,247,325,389,387,389,247,2481
reuters.com/article/2015/04/14/us-somalia-blast-attacks-idUSKBN0N50T520150414,English,1.0,745,248,326,390,388,390,248,2487
sciencecareers.sciencemag.org/career_magazine/previous_issues/articles/2015_09_30/caredit.a1500234,English,1.0,746,249,327,391,389,391,249,2493
themalaysianinsider.com/malaysia/article/court-rules-sedition-act-constitutional-azmi-sharom-to-stand-trial,English,1.0,747,250,328,392,390,392,250,2499
nature.com/news/turkey-election-results-delight-scientists-1.17768,English,1.0,748,251,329,393,391,393,251,2505
cara1933.org/we-must-save-the-scholars-persecuted-by-isis,English,1.0,749,252,330,394,392,394,252,2511
azcentral.com/story/news/local/tempe/2015/03/30/asu-prof-receives-hate-mail-problem-whiteness/70679650,,,750,253,331,395,393,395,253,2517
insidehighered.com/news/2015/09/25/syrian-refugee-crisis-and-higher-education,English,1.0,751,254,332,396,394,396,254,2523
foreignpolicy.com/2015/07/01/welcome-to-afghanistans-peace-college,English,1.0,752,255,333,397,395,397,255,2529
cbc.ca/sitemap,English,1.0,753,256,334,398,396,398,256,2535
mmtimes.com/index.php/national-news/yangon/13239-johns-hopkins-shuts-down-yangon-university-project.html,English,1.0,754,257,335,399,397,399,257,2541
universityworldnews.com/article.php?story=20150813130446337,English,1.0,755,258,336,400,398,400,258,2547
iol.co.za/news/south-africa/kwazulu-natal/protest-violence-closes-kzn-campuses-1.1923308,English,1.0,756,259,337,401,399,401,259,2553
insidehighered.com/news/2015/10/16/u-british-columbia-finds-university-failed-protect-professors-academic-freedom,English,1.0,757,260,338,402,400,402,260,2559
news.asiaone.com/news/asia/chinas-new-definition-terrorism-removes-thoughts,English,1.0,758,261,339,403,401,403,261,2565
dawn.com/news/1175785/footprints-post-gag-the-talk-heats-u,English,1.0,759,262,340,404,402,404,262,2571
al-fanarmedia.org/2015/08/in-jordan-students-say-university-freedom-is-moving-backwards,English,1.0,760,263,341,405,403,405,263,2577
hrw.org/news/2015/03/16/thailand-drop-charges-against-peaceful-critics,English,1.0,761,264,342,406,404,406,264,2583
sciencemag.org/content/347/6223/699.full,English,1.0,762,265,343,407,405,407,265,2589
theguardian.com/education/2015/feb/02/free-speech-universities-spiked-ban-sombreros,English,1.0,763,266,344,408,406,408,266,2595
cbc.ca/news/canada/toronto/violent-online-threats-against-women-put-university-of-toronto-police-on-alert-1.3223590,English,1.0,764,267,345,409,407,409,267,2601
wsj.com/articles/hong-kongs-classroom-crackdown-1424129830,English,1.0,765,268,346,410,408,410,268,2607
nytimes.com/2015/04/03/world/africa/garissa-university-college-shooting-in-kenya.html,English,1.0,766,269,347,411,409,411,269,2613
timeshighereducation.com/news/counter-terror-bill-amendments-passed-but-concerns-persist/2018392.article%20,English,1.0,767,270,348,412,410,412,270,2619
news.sciencemag.org/climate/2015/03/targeted-crusading-congressman-scientist-speaks-out-conflicts-climate-and,English,1.0,768,271,349,413,411,413,271,2625
theguardian.com/world/2015/jul/09/ethiopia-releases-journalists-bloggers-obama-zone-9,English,1.0,769,272,350,414,412,414,272,2631
insidehighered.com/news/2015/10/14/survey-reveals-concerns-about-attacks-scholars-social-media,English,1.0,770,273,351,415,413,415,273,2637
universityworldnews.com/article.php?story=20150529140206548+,English,1.0,771,274,352,416,414,416,274,2643
news.yahoo.com/mexico-university-campus-shuttered-over-gang-threats-172615682.html%20,English,1.0,772,275,353,417,415,417,275,2649
al-fanarmedia.org/2015/05/a-new-university-hopes-to-give-refugees-educational-wings,English,1.0,773,276,354,418,416,418,276,2655
chronicle.com/article/How-the-Missouri-Protests/234189,English,1.0,774,277,355,419,417,419,277,2661
tns.thenews.com.pk/curbing-hate-speech,English,1.0,775,278,356,420,418,420,278,2667
nytimes.com/2015/02/20/us/ideology-seen-as-factor-in-closings-in-university-of-north-carolina-system.html?_r=0+&smid=tw-share,English,1.0,776,279,357,421,419,421,279,2673
protectingeducation.org/news/respect-civilian-nature-schools-and-universities%20,English,1.0,777,280,358,422,420,422,280,2679
huffingtonpost.com/entry/abortion-study-university-of-missouri_563fab2be4b0411d307168a3,English,1.0,778,281,359,423,421,423,281,2685
economictimes.indiatimes.com/news/politics-and-nation/now-scholars-speak-out-against-assault-on-academic-freedom/articleshow/49597643.cms,English,1.0,779,282,360,424,422,424,282,2691
themalaysianinsider.com/malaysia/article/cancelling-forums-not-in-line-with-najibs-vision-of-world-class-education-s%20,English,1.0,780,283,361,425,423,425,283,2697
theguardian.com/teacher-network/datablog/2015/apr/30/terror-data-school-university-attackes-peshawar,English,1.0,781,284,362,426,424,426,284,2703
nature.com/news/scientists-protest-detention-of-palestinian-physicist-1.16770,English,1.0,782,285,363,427,425,427,285,2709
blogs.wsj.com/chinarealtime/2015/01/28/criminal-speech-the-posts-that-got-chinese-lawyer-pu-zhiqiang-arrested,English,1.0,783,286,364,428,426,428,286,2715
rsc.org/chemistryworld/2015/11/iran-nuclear-science-iaea-sanctions-relaxed%20,English,1.0,784,287,365,429,427,429,287,2721
hrw.org/node/282321,English,1.0,785,288,366,430,428,430,288,2727
forbes.com/sites/instituteforjustice/2015/05/29/fifty-years-ago-a-philosophy-professor-won-a-landmark-free-speech-case-at-the-supreme-court,English,1.0,786,289,367,431,429,431,289,2733
washingtonpost.com/opinions/free-omid-kokabee-another-iranian-prisoner-of-conscience/2015/10/30/18640a64-7e82-11e5-b575-d8dcfedb4ea1_story.html,English,1.0,787,290,368,432,430,432,290,2739
iau-aiu.net,English,1.0,267,403,474,534,532,534,267,2744
irrawaddy.org/burma/jailed-students-on-hunger-strike-facing-health-woes.html,English,1.0,788,291,369,433,431,433,291,2745
allafrica.com/stories/201505060833.html,English,1.0,789,292,370,434,432,434,292,2751
universityworldnews.com/article.php?story=20150903171029443,English,1.0,790,293,371,435,433,435,293,2757
al-fanarmedia.org/2015/09/a-conversation-with-sari-hanafi-the-state-of-arab-research,English,1.0,791,294,372,436,434,436,294,2763
brookings.edu/research/papers/2015/07/09-higher-education-in-the-arab-world-barakat-milton,English,1.0,792,295,373,437,435,437,295,2769
al-fanarmedia.org/2015/02/syrian-professor-recipe-tragedy,English,1.0,793,296,374,438,436,438,296,2775
universityworldnews.com/article.php?story=20150618094514689,English,1.0,794,297,375,439,437,439,297,2781
endangeredscholarsworldwide.net,English,1.0,220,424,491,551,549,551,220,2786
hrw.org/news/2015/01/14/tajikistan-human-rights-lawyer-imprisoned,English,1.0,795,298,376,440,438,440,298,2787
newschool.edu/cps,English,1.0,221,425,492,552,550,552,221,2792
reuters.com/article/2015/03/06/us-myanmar-students-idUSKBN0M20FO20150306,English,1.0,796,299,377,441,439,441,299,2793
unopress.org,English,1.0,222,426,493,553,551,553,222,2798
timeshighereducation.com/news/southampton-cancels-controversial-israel-conference/2019499.article,English,1.0,797,300,378,442,440,442,300,2799
usali.org/who-we-are/visiting-scholars,English,1.0,223,427,494,554,552,554,223,2804
news.vice.com/article/student-activists-in-the-west-bank-facing-crackdown-by-palestinian-authority%20,,,798,301,379,443,441,443,301,2805
fordham.edu/info/23165/carl_minzner,English,1.0,224,428,495,555,553,555,224,2810
reuters.com/article/2015/10/09/us-hongkong-protests-idUSKCN0S31LY20151009?feedName=worldNews&feedType=RSS,English,1.0,799,302,380,444,442,444,302,2811
newschool.edu/event-signup,English,1.0,225,429,496,556,554,556,225,2816
universityworldnews.com/article.php?story=20150604140657651,English,1.0,800,303,381,445,443,445,303,2817
newschool.edu,English,1.0,226,430,497,557,555,557,226,2822
al-fanarmedia.org/2015/03/theoretical-swimming-iraqi-student-life-religious-rule,English,1.0,801,304,382,446,444,446,304,2823
events.newschool.edu,English,1.0,227,431,498,558,556,558,227,2828
www.oise.utoronto.ca/oise/About_OISE/Farai_Gonzo_Scholars_At_Risk.html,English,1.0,802,305,383,447,445,447,305,2829
its.law.nyu.edu/facultyprofiles/index.cfm?fuseaction=profile.overview&personid=19840,English,1.0,228,432,499,559,557,559,228,2834
sciencecareers.sciencemag.org/career_magazine/previous_issues/articles/2015_07_20/caredit.a1500182,English,1.0,803,306,384,448,446,448,306,2835
timeshighereducation.com/news/why-bombs-cannot-strip-gaza-of-intellectual-life/2019507.article,English,1.0,804,307,385,449,447,449,307,2841
www.news.appstate.edu/2015/09/10/michael-moore-2,English,1.0,805,308,386,450,448,450,308,2847
wsj.com/articles/japan-postpones-u-n-meeting-amid-concerns-government-chills-scrutiny-1448008431,English,1.0,806,309,387,451,449,451,309,2853
timeshighereducation.com/comment/opinion/varying-degrees-of-academic-freedom/2019487.article,English,1.0,807,310,388,452,450,452,310,2859
ripr.org/post/roger-williams-university-students-take-cause-chinese-dissident,English,1.0,808,311,389,453,451,453,311,2865
al-fanarmedia.org/2015/04/the-splintering-of-somalia-has-crippled-education,English,1.0,809,312,390,454,452,454,312,2871
twitter.com/englishpen/status/672068035306483713/photo/1,English,1.0,382,409,476,536,534,536,382,2873
theconversation.com/how-to-rebuild-higher-education-in-countries-torn-apart-by-war-48791,English,1.0,810,313,391,455,453,455,313,2877
twitter.com/ScholarsAtRisk/status/671740727840370688/photo/1,English,1.0,383,410,477,537,535,537,383,2879
cbc.ca/news/canada/calgary/big-oil-university-calgary-enbridge-1.3298575,English,1.0,811,314,392,456,454,456,314,2883
twitter.com/ScholarsAtRisk/status/671796436552544256/photo/1,English,1.0,384,411,478,538,536,538,384,2885
al-fanarmedia.org/2015/08/arab-students-in-israel-say-their-voices-are-muffled,English,1.0,812,315,393,457,455,457,315,2889
translate.google.com/translate?act=url&hl=en&ie=UTF-8&js=y&prev=_t&sl=sv&tl=en&u=http%3A%2F%2Funiversitetslararen.se%2F2015%2F10%2F29%2Fhotade-forskare-soker-skydd-pa-svenska-larosaten%2F,English,1.0,385,412,479,539,537,539,385,2891
researchresearch.com/index.php?articleId=1354681&option=com_news&template=rr_2col&view=article,English,1.0,813,316,394,458,456,458,316,2895
kalegium.org,Russian,1.0,889,889,41,141,871,65,41,2896
twitter.com/ScholarsAtRisk/status/671698762151145472/photo/1,English,1.0,386,413,480,540,538,540,386,2897
scmp.com/news/china/article/1740605/harvard-president-expounds-intellectual-freedom-chinas-tsinghua,English,1.0,814,317,395,459,457,459,317,2901
ineesite.org/en/blog,English,1.0,524,378,455,516,514,516,378,2903
twitter.com/ScholarsAtRisk/status/671764627404021760/photo/1,English,1.0,387,414,481,541,539,541,387,2903
campuseuropae.org/en,,,420,406,475,535,533,535,406,2904
timeshighereducation.com/blog/xi-jinpings-uk-visit-do-universities-need-freedom-succeed,English,1.0,815,318,396,460,458,460,318,2907
libera.it/flex/cm/pages/ServeBLOB.php/L/IT/IDPagina/1,Italian,1.0,525,379,456,517,515,517,379,2909
twitter.com/alannealottawa/status/671541185467572225/photo/1,English,1.0,388,415,482,542,540,542,388,2909
nxtbook.com/naylor/IIEB/IIEB0115/index.php,English,1.0,816,319,397,461,459,461,319,2913
iie.org/blog,English,1.0,526,380,457,518,516,518,380,2915
ajw.asahi.com/article/behind_news/social_affairs/AJ201511270054,English,1.0,389,416,483,543,541,543,389,2915
eurasianet.org/node/74806,English,1.0,817,320,398,462,460,462,320,2919
dissidentblog.org,English,1.0,527,381,458,519,517,519,381,2921
twitter.com/ScholarsAtRisk/status/671713552173023233/photo/1,English,1.0,390,417,484,544,542,544,390,2921
america.aljazeera.com/articles/2015/2/12/report-press-freedom-experienced-drastic-decline-in-2014.html,English,1.0,818,321,399,463,461,463,321,2925
cic.nyu.edu/commentary/global-development,English,1.0,528,382,459,520,518,520,382,2927
salsa4.salsalabs.com/o/50943/p/dia/action3/common/public?action_KEY=16537,English,1.0,391,418,485,545,543,545,391,2927
america.aljazeera.com/articles/2015/2/1/mexico-art-ayotzinapa.html,English,1.0,819,322,400,464,462,464,322,2931
thoolen.wordpress.com,English,1.0,529,383,460,521,519,521,383,2933
englishpen.org/campaigns/seasons-greetings-2015-write-to-a-writer-at-risk,English,1.0,392,419,486,546,544,546,392,2933
runnermag.ca/2015/07/caut-concludes-capilano-university-violated-academic-freedom,English,1.0,820,323,401,465,463,465,323,2937
avvisopubblico.it/home,Italian,1.0,530,384,461,522,520,522,384,2939
twitter.com/ScholarsAtRisk/status/672075014305370112/photo/1,English,1.0,393,420,487,547,545,547,393,2939
asiasociety.org/blog/asia/interview-nyu-shanghai-chancellor-discusses-his-universitys-place-chinas-current-political,English,1.0,821,324,402,466,464,466,324,2943
mideastcreatives.org/category/blog,English,1.0,531,385,462,523,521,523,385,2945
twitter.com/ScholarsAtRisk/status/672119141797597185/photo/1,English,1.0,394,421,488,548,546,548,394,2945
universityworldnews.com/article.php?story=2015071515215253,English,1.0,822,325,403,467,465,467,325,2949
frontlinedefenders.org/blogs,English,1.0,532,386,463,524,522,524,386,2951
twitter.com/melanieadrian/status/671484105242992640/photo/1,English,1.0,395,422,489,549,547,549,395,2951
uk.reuters.com/article/2015/06/30/uk-thailand-politics-idUKKCN0PA0RG20150630,English,1.0,823,326,404,468,466,468,326,2955
demdigest.net/bloggers-and-netizens-behind-bars-vietnam-cracks-down-on-internet-freedom,English,1.0,533,387,464,525,523,525,387,2957
timeshighereducation.com/news/turkeys-new-he-laws-are-assault-education-and-free-speech-critics-claim,English,1.0,396,423,490,550,548,550,396,2957
foreignpolicy.com/2015/10/02/hong-kong-beijing-democracy-academic-freedom-china-communist-political,English,1.0,824,327,405,469,467,469,327,2961
masterapc.sp.unipi.it,Italian,1.0,534,388,465,526,524,526,388,2963
japantimes.co.jp/news/2015/01/14/national/state-secrets-law-could-constrain-researchers-some-say-although-impact-remains-unclear,English,1.0,825,328,406,470,468,470,328,2967
eaie.org/blog,English,1.0,535,389,466,527,525,527,389,2969
tisch.nyu.edu/drama,English,1.0,521,392,469,530,528,530,392,2970
belta.by/president/view/v-belarusi-s-1-ijulja-2016-goda-budet-provedena-denominatsija-169030-2015,Russian,1.0,348,444,500,560,558,560,348,2970
scmp.com/news/hong-kong/law-crime/article/1850836/arrests-student-occupy-central-activists-not-politically,English,1.0,826,329,407,471,469,471,329,2973
www.ldbsm.narod.ru,Russian,1.0,909,909,22,182,872,80,22,2974
insidehighered.com/news/2013/05/13/aaup-reiterates-its-opposition-academic-boycotts,English,1.0,536,390,467,528,526,528,390,2975
flickr.com/photos/joshzakary,English,1.0,523,393,470,531,529,531,393,2977
hrw.org/news/2015/03/23/yemen-attacks-journalists-escalat,,,827,330,408,472,470,472,330,2979
blog.amnestyusa.org,English,1.0,537,391,468,529,527,529,391,2981
donatenow.networkforgood.org/Shared/Error.aspx,English,1.0,522,394,471,532,530,532,394,2981
flickr.com/photos/101268966@N04,English,1.0,520,395,472,533,531,533,395,2984
mmtimes.com/index.php/national-news/yangon/17380-two-more-student-leaders-face-hearing-charges.html,English,1.0,828,331,409,473,471,473,331,2985
timeshighereducation.com/news/refugee-student-applications-testing-credential-checks,English,1.0,829,332,410,474,472,474,332,2991
bangkokpost.com/news/asia/649036/myanmar-activists-open-museum-to-mark-student-uprising,English,0.16946150595865334,830,333,411,475,473,475,333,2997
timeshighereducation.com/news/exeter-settler-colonialism-palestine-event-go-ahead,English,1.0,831,334,412,476,474,476,334,3003
universityworldnews.com/article.php?story=201510061522270,English,1.0,832,335,413,477,475,477,335,3009
timeshighereducation.com/books/whos-afraid-of-academic-freedom-edited-by-akeel-bilgrami-and-jonathan-r-cole/2018929.article,English,1.0,833,336,414,478,476,478,336,3015
charlatan.ca/2015/03/scholars-at-risk-launches-at-carleton-with-panel-event,English,1.0,834,337,415,479,477,479,337,3021
timeshighereducation.com/news/social-sciences-and-humanities-faculties-close-japan-after-ministerial-decree%20,English,1.0,835,338,416,480,478,480,338,3027
middleeasteye.net/news/egyptian-students-return-university-after-warnings-against-protest-1574890238,English,1.0,836,339,417,481,479,481,339,3033
hrw.org/news/2015/05/07/palestine-students-detained-political-opinions,English,1.0,837,340,418,482,480,482,340,3039
mmtimes.com/index.php/national-news/16840-government-pledges-to-support-freedom-of-education-on-world-teachers-day.html,English,1.0,838,341,419,483,481,483,341,3045
indystar.com/story/opinion/2015/04/29/protect-scholars-fight-terrorism/26571095,,,839,342,420,484,482,484,342,3051
chicagotribune.com/news/opinion/commentary/ct-scott-walker-tenure-university-wisconsin-perspec-0623-20150622-story.html,English,1.0,840,343,421,485,483,485,343,3057
ajw.asahi.com/article/behind_news/social_affairs/AJ201511200069,English,1.0,841,344,422,486,484,486,344,3063
belta.by/president/view/lukashenko-trebuet-privnesti-v-proizvodstvo-legkovyh-avtomobilej-beldzhi-otechestvennye-narabotki-172220-2015,Russian,1.0,436,447,502,561,559,561,436,3066
universityworldnews.com/article.php?story=20150918113842639,English,1.0,842,345,423,487,485,487,345,3069
twitter.com/epramova/status/661920636202311682/photo/1,Latin,1.0,437,448,503,562,560,562,437,3072
news.videonews.us/myanmar-court-sentences-lecturer-student-protests-2519192.html,English,1.0,843,346,424,488,486,488,346,3075
twitter.com/epramova/status/661923803803598849/photo/1,Latin,1.0,438,449,504,563,561,563,438,3078
theglobeandmail.com/news/world/opposition-to-thailands-military-junta-grows-as-mildest-protests-shut-down/article25335369,English,1.0,844,347,425,489,487,489,347,3081
twitter.com/epramova/status/671618223662608384/photo/1,Latin,1.0,439,450,505,564,562,564,439,3084
universityworldnews.com/article.php?story=20150707004117312,English,1.0,845,348,426,490,488,490,348,3087
pyx.by/bel/news/4387,Belarusian,1.0,440,451,506,565,563,565,440,3090
iol.co.za/news/crime-courts/students-arrested-after-uwc-rampage-1.1944121,English,1.0,846,349,427,491,489,491,349,3093
twitter.com/epramova/status/671618998455414784/photo/1,Latin,1.0,441,452,507,566,564,566,441,3096
cbc.ca/player/play/2674935453,English,1.0,847,350,428,492,490,492,350,3099
youtube.com/watch?feature=youtu.be&v=lOR9SwRLYFU,Kyrgyz,1.0,442,453,508,567,565,567,442,3102
hrw.org/news/2015/07/20/egypt-dozens-detained-secretly,English,1.0,848,351,429,493,491,493,351,3105
news.tut.by/society/474601.html,Russian,1.0,443,454,509,568,566,568,443,3108
allafrica.com/stories/201511161753.html,English,1.0,849,352,430,494,492,494,352,3111
nn.by?c=ar&i=160697&lang=ru,Russian,1.0,444,455,510,569,567,569,444,3114
al-fanarmedia.org/2015/01/brussels-emergency-call-higher-education,English,1.0,850,353,431,495,493,495,353,3117
twitter.com/epramova/status/671701253525790720/photo/1,Latin,1.0,445,456,511,570,568,570,445,3120
scmp.com/news/hong-kong/article/1716019/hku-academics-demand-know-if-cy-leung-blocked-honorary-degrees,English,1.0,851,354,432,496,494,496,354,3123
nn.by?c=ar&i=160955,Belarusian,1.0,446,457,512,571,569,571,446,3126
universitytimes.ie/2015/10/discussing-the-threats-to-academic-freedom-around-the-world,English,1.0,852,355,433,497,495,497,355,3129
ec.europa.eu/education/tools/llp_en.htm,English,1.0,23,544,597,656,654,656,23,3130
twitter.com/epramova/status/662202973955743744/photo/1,Latin,1.0,447,458,513,572,570,572,447,3132
theguardian.com/us-news/2015/may/27/website-targets-pro-palestinian-students-harm-job-prospects,English,1.0,853,356,434,498,496,498,356,3135
eacea.ec.europa.eu/llp/events/infodays_2013/infoday_llp_2013_en.php%20,English,1.0,24,545,598,657,655,657,24,3136
twitter.com/epramova/status/661851931845992448/photo/1,Latin,1.0,448,459,514,573,571,573,448,3138
academeblog.org/2015/11/02/marx-bauer-and-academic-freedom,English,1.0,854,357,435,499,497,499,357,3141
eacea.ec.europa.eu/llp/events/infodays_2013/infoday_llp_2013_en.php,English,1.0,25,546,599,658,656,658,25,3142
youtube.com/watch?v=ZRMZFl_Q7QA,Kyrgyz,0.9999995389187232,449,460,515,574,572,574,449,3144
chronicle.com/article/Nearly-a-Year-Later-Fallout/231365?key=HGxzKwFqbnMVYn1rMDpCZDkAP3ZsYkp9Y3BGOXV6bltSEA%3D%3D,English,1.0,855,358,436,500,498,500,358,3147
twitter.com/epramova/status/670239468528517120/photo/1,Latin,1.0,450,461,516,575,573,575,450,3150
foreignpolicy.com/2015/02/09/a-new-generation-takes-to-the-streets-in-burma,English,1.0,856,359,437,501,499,501,359,3153
twitter.com/epramova/status/672093387860918272/photo/1,Latin,1.0,451,462,517,576,574,576,451,3156
namibian.com.na/index.php?id=133986&page=archive-read,English,1.0,857,360,438,502,500,502,360,3159
naviny.by/rubrics/disaster/2015/11/30/ic_news_124_467457,Russian,1.0,452,463,518,577,575,577,452,3162
asiancorrespondent.com/2015/09/the-plight-of-academic-freedom-in-malaysia,English,1.0,858,361,439,503,501,503,361,3165
youtube.com/watch?feature=youtu.be&v=C-ilbjUU32g,Kyrgyz,1.0,453,464,519,578,576,578,453,3168
visitor.r20.constantcontact.com/manage/optin/ea?v=001MonYsns7y9xG5NhqdPHT8A%3D%3D,English,1.0,67,543,596,655,653,655,67,3169
ibtimes.com.au/new-zealands-political-parties-seek-probe-gagging-scientists-climate-change-issue-1453255,English,1.0,859,362,440,504,502,504,362,3171
twitter.com/epramova/status/670249808301596672/photo/1,Latin,1.0,454,465,520,579,577,579,454,3174
universityworldnews.com/article.php?story=20150918124351351,English,1.0,860,363,441,505,503,505,363,3177
naviny.by/rubrics/society/2015/11/10/ic_articles_116_190232,Russian,1.0,455,466,521,580,578,580,455,3180
dawn.com/news/1178894/ku-professor-shot-dead-in-karachi,English,1.0,861,364,442,506,504,506,364,3183
twitter.com/epramova/status/671616799033675776/photo/1,Latin,1.0,456,467,522,581,579,581,456,3186
reuters.com/article/2015/10/29/us-morocco-rights-idUSKCN0SN2HA20151029,English,1.0,862,365,443,507,505,507,365,3189
nn.by?c=ar&i=160959&lang=ru,Russian,1.0,457,468,523,582,580,582,457,3192
thepienews.com/news/usa-needs-a-national-agenda-on-globalising-he-says-ace?utm_source=hootsuite,English,1.0,293,502,556,615,613,615,293,3194
sinosphere.blogs.nytimes.com/2015/02/06/chinese-student-to-contest-expulsion-from-norway-lawyer-says,English,1.0,863,366,444,508,506,508,366,3195
linkedin.com/company/american-councils-for-international-education,,,399,481,535,594,592,594,399,3195
euroradio.fm/ru/1-dekabrya-povysyatsya-tarify-na-gaz-teplo-i-elektroenergiyu-dlya-naseleniya,Russian,1.0,458,469,524,583,581,583,458,3198
thepienews.com/news/1m-strong-to-boost-us-k-12-mandarin-study,English,1.0,294,503,557,616,614,616,294,3200
telegraph.co.uk/education/educationopinion/11873864/Universities-must-not-shy-away-from-difficult-subjects.html,English,1.0,864,367,445,509,507,509,367,3201
americancouncils.org/impact/publications,English,1.0,400,482,536,595,593,595,400,3201
twitter.com/epramova/status/671688492146106369/photo/1,Latin,1.0,459,470,525,584,582,584,459,3204
instagram.com/ehuofficial,English,1.0,81,548,600,659,657,659,81,3204
newyorker.com/magazine/2015/12/07/teach-yourself-italian?mbid=social_twitter,English,1.0,295,504,558,617,615,617,295,3206
al-fanarmedia.org/2015/03/student-union-elections-canceled-egyptian-universities,English,1.0,865,368,446,510,508,510,368,3207
americancouncils.org/locations,English,1.0,401,483,537,596,594,596,401,3207
belaruspartisan.org/economic/323188,Russian,1.0,460,471,526,585,583,585,460,3210
theatlantic.com/education/archive/2015/11/chinese-schools-in-america/417027?utm_source=SFTwitter,English,1.0,296,505,559,618,616,618,296,3212
hrw.org/news/2015/08/11/bangladesh-stop-promoting-self-censorship,English,1.0,866,369,447,511,509,511,369,3213
americancouncils.org/contact,English,1.0,402,484,538,597,595,597,402,3213
youtube.com/embed/cLfdNL_VaHs,English,0.9999999999999998,84,551,601,660,658,660,84,3214
sputnik.by/politics/20151103/1018227993.html,Russian,1.0,461,472,527,586,584,586,461,3216
desmoinesregister.com/story/news/local/west-des-moines/2015/11/30/parents-language-programs-crucial-identity-wdm-schools/76584996,,,297,506,560,619,617,619,297,3218
timeshighereducation.com/books/the-humanities-higher-education-and-academic-freedom-three-necessary-arguments-by-michael-brub-and-jennifer-ruth/2019461.article,English,1.0,867,370,448,512,510,512,370,3219
americancouncils.org/ForeignLanguageSurvey,English,1.0,403,485,539,598,596,598,403,3219
twitter.com/epramova/status/661576467860619264/photo/1,Latin,1.0,462,473,528,587,585,587,462,3222
twitter.com/RosaTranslation/status/671616851361841152/photo/1,English,1.0,298,507,561,620,618,620,298,3224
insidehighered.com/news/2015/10/02/oregon-community-college-site-third-worst-mass-shooting-college-campus,English,1.0,868,371,449,513,511,513,371,3225
americancouncils.org/cic-american-councils-membership,English,1.0,404,486,540,599,597,599,404,3225
twitter.com/epramova/status/664470751441981440/photo/1,Latin,1.0,463,474,529,588,586,588,463,3228
twitter.com/AC_Global/status/672123074045566976/photo/1,English,1.0,299,508,562,621,619,621,299,3230
hrw.org/news/2015/04/08/us-human-rights-watch-sues-over-surveillance,English,1.0,869,372,450,514,512,514,372,3231
americancouncils.org/impact/publications/journals-articles,English,1.0,405,487,541,600,598,600,405,3231
sputnik.by/incidents/20151103/1018240987.html,Russian,1.0,464,475,530,589,587,589,464,3234
twitter.com/AC_Global/status/648930642609242113/photo/1,English,1.0,300,509,563,622,620,622,300,3236
al-fanarmedia.org/2015/03/arab-classrooms-frequently-ignore-history,English,1.0,870,373,451,515,513,515,373,3237
americancouncils.org/programs,English,1.0,406,488,542,601,599,601,406,3237
twitter.com/epramova/status/670282759131308032/photo/1,Latin,1.0,465,476,531,590,588,590,465,3240
theatlantic.com/education/archive/2015/03/why-black-students-dont-study-abroad/387679,English,1.0,301,510,564,623,621,623,301,3242
americancouncils.org/impact/research,English,1.0,407,489,543,602,600,602,407,3243
kyky.org/news/do-vyborov-i-posle-chto-lukashenko-govoril-o-povyshenii-pensionnogo-vozrasta,Russian,1.0,466,477,532,591,589,591,466,3246
twitter.com/languages_globe/status/671792292106248192,English,1.0,302,511,565,624,622,624,302,3248
americancouncils.org/services,English,1.0,408,490,544,603,601,603,408,3249
youtube.com/watch?v=Y4ex9Pwf3RA,Kyrgyz,1.0,467,478,533,592,590,592,467,3252
newstimes.com/news/article/Brookfield-students-need-more-world-languages-6593960.php,English,1.0,303,512,566,625,623,625,303,3254
americancouncils.org/services/community-and-institution-development,English,1.0,409,491,545,604,602,604,409,3255
instagram.com/acstudyabroad,English,1.0,184,537,590,649,647,649,184,3256
sputnik.by/society/20151201/1018755932.html,Russian,1.0,468,479,534,593,591,593,468,3258
facebook.com/nsliforyouth.page/posts/10153879543117280,English,1.0,304,513,567,626,624,626,304,3260
americancouncils.org/services/academic-exchanges-and-language-immersion,English,1.0,410,492,546,605,603,605,410,3261
twitter.com/outboundac,English,1.0,185,538,591,650,648,650,185,3262
twitter.com/AC_Global/status/671724446160281600/photo/1,English,1.0,305,514,568,627,625,627,305,3266
networkforgood.com,English,1.0,411,493,547,606,604,606,411,3267
auf.org/actualites/lauf-partenaire-de-la-28e-edition-du-prix-roberval,French,1.0,277,520,574,633,631,633,277,3268
facebook.com/acstudyabroad,English,1.0,186,539,592,651,649,651,186,3268
twitter.com/HinInfo/status/671401779364515840,English,1.0,306,515,569,628,626,628,306,3272
americancouncils.org/get-involved,English,1.0,412,494,548,607,605,607,412,3273
twitter.com/OIFfrancophonie/status/665556971488190466/photo/1,English,1.0,278,521,575,634,632,634,278,3274
pinterest.com/acstudyabroad/pins,English,1.0,187,540,593,652,650,652,187,3274
twitter.com/CheadleHulmeSch/status/672034233028841472/photo/1,English,1.0,307,516,570,629,627,629,307,3278
americancouncils.org/services/research,English,1.0,413,495,549,608,606,608,413,3279
twitter.com/SorbonneParis1/status/666203299918557184/photo/1,English,1.0,279,522,576,635,633,635,279,3280
acstudyabroad.tumblr.com,English,1.0,188,541,594,653,651,653,188,3280
twitter.com/AC_Global/status/671754899231666176/photo/1,English,1.0,308,517,571,630,628,630,308,3284
americancouncils.org/about,English,1.0,414,496,550,609,607,609,414,3285
twitter.com/auf_org/status/654991884230766592/photo/1,English,1.0,280,523,577,636,634,636,280,3286
acstudyabroad.org/title-viii,English,1.0,189,542,595,654,652,654,189,3286
twitter.com/AC_Global/status/671693742424780803/photo/1,English,1.0,309,518,572,631,629,631,309,3290
americancouncils.org/impact/inspiring_stories,English,1.0,415,497,551,610,608,610,415,3291
auf.org/actualites/lauf-partenaire-du-salon-virtuel-partir-etudier-le,French,1.0,281,524,578,637,635,637,281,3292
mdv.by,Russian,1.0,36,594,643,674,672,674,36,3293
americancouncils.org/news/why-international-education-deserves-your-attention-givingtuesday,English,1.0,310,519,573,632,630,632,310,3296
americancouncils.org/impact,English,1.0,416,498,552,611,609,611,416,3297
francophonie.org/Soutenez-l-appel-des-jeunes.html,French,1.0,282,525,579,638,636,638,282,3298
americancouncils.org/news,English,1.0,417,499,553,612,610,612,417,3303
twitter.com/auf_org/status/654928700434227200/photo/1,English,1.0,283,526,580,639,637,639,283,3304
americancouncils.org/services/testing-and-assessment,English,1.0,418,500,554,613,611,613,418,3309
twitter.com/JBHamonic/status/666216412323708928/photo/1,English,1.0,284,527,581,640,638,640,284,3310
americancouncils.org/impact/media,English,1.0,419,501,555,614,612,614,419,3315
twitter.com/auf_org/status/654982006439354368/photo/1,English,1.0,285,528,582,641,639,641,285,3316
francophonie.org/Michaelle-Jean-il-nous-faut.html,French,1.0,286,529,583,642,640,642,286,3322
drugnews.nu/2014/11/14/ecad-prisar-drogforebyggare,Swedish,1.0,86,590,639,670,668,670,86,3323
twitter.com/MT180FR/status/649950228112609280/photo/1,English,1.0,287,530,584,643,641,643,287,3328
vimeo.com/138601596,English,1.0,87,591,640,671,669,671,87,3329
twitter.com/ParisOuest/status/654581357763534848/photo/1,English,1.0,288,531,585,644,642,644,288,3334
sv-se.facebook.com/rns.se,Swedish,1.0,88,592,641,672,670,672,88,3335
twitter.com/auf_org/status/654573335049818112/photo/1,English,1.0,289,532,586,645,643,645,289,3340
addthis.com/bookmark.php?pubid=ra-4ea1871b64c433e8&v=250,Faroese,1.0,89,593,642,673,671,673,89,3341
twitter.com/UCP_Germinet/status/654575217856151552/photo/1,English,1.0,290,533,587,646,644,646,290,3346
twitter.com/auf_org/status/653954041261748225/photo/1,English,1.0,291,534,588,647,645,647,291,3352
twitter.com/ajaghfar/status/650270795177046016,English,1.0,292,535,589,648,646,648,292,3358
uScript.pro,,,349,596,645,675,673,675,349,3613
alkohollinjen.se,Swedish,1.0,431,581,630,661,659,661,431,3623
slso.sll.se/aktuellt/stodlinjer-tas-over-av-slso,Swedish,1.0,432,582,631,662,660,662,432,3629
alkoholhjalpen.se,Swedish,1.0,433,583,632,663,661,663,433,3635
stodlinjen.se,English,1.0,434,584,633,664,662,664,434,3641
www.ncbi.nlm.nih.gov/pubmed/26613636,English,1.0,424,586,635,666,664,666,424,3641
slutarokalinjen.org,Swedish,1.0,435,585,634,665,663,665,435,3647
regeringen.se/rattsdokument/departementsserien-och-promemorior/2015/12/okad-tillganglighet-till-sprututbytesverksamheter-i-sverige,Swedish,1.0,425,587,636,667,665,667,425,3647
svt.se/nyheter/amne?tag=tag%3Astory%40svt.se%2C2011%3AABC_granskar_missbrukarv%C3%A5rden,Swedish,1.0,422,588,637,668,666,668,422,3649
svt.se/nyheter/amne?tag=tag%3Astory%40svt.se%2C2011%3AUG_-_Mellan_stolarna,Swedish,1.0,423,589,638,669,667,669,423,3655
uid.me?utm_campaign=umain3lp&utm_medium=ulp&utm_source=ucozmain,English,1.0,232,644,685,699,697,699,232,3656
praimed.ua,Russian,1.0,247,659,686,700,698,700,247,3690
google.com/get/videoqualityreport?v=A9yfQ6z4b8Y,English,1.0,28,713,734,747,745,747,28,3714
uguide.ru/kak-sozdat-svoj-sajt,Russian,1.0,270,665,687,701,699,701,270,3723
top.ucoz.ru,Russian,1.0,271,666,688,702,700,702,271,3729
uscript.pro,Russian,1.0,272,667,689,703,701,703,272,3735
ucoz.ru/register,Russian,1.0,273,668,690,704,702,704,273,3741
ucoz.ru/about,Russian,1.0,274,669,691,705,703,705,274,3747
uguide.ru/rejting-luchshij-konstruktor-sajtov-runeta,Russian,1.0,275,670,692,706,704,706,275,3753
faq.ucoz.ru,Russian,1.0,276,671,693,707,705,707,276,3759
utemplate.pro/shop/user/3543/goods,Russian,1.0,469,616,660,676,674,676,469,3771
twitter.com/upartner_pro/status/666257638884290561/photo/1,Latin,1.0,470,617,661,677,675,677,470,3777
twitter.com/ucoz_ru/status/667341659554881536/photo/1,Latin,1.0,471,618,662,678,676,678,471,3783
twitter.com/ucoz_ru/status/667704050260049921/photo/1,English,1.0,472,619,663,679,677,679,472,3789
m.vk.com/wall-28741529_46006,Russian,1.0,473,620,664,680,678,680,473,3795
unisender.com/ru,Russian,1.0,129,709,730,743,741,743,129,3795
twitter.com/ucoz_ru/status/671327979339911169/photo/1,Latin,1.0,474,621,665,681,679,681,474,3801
jemand.ru,Russian,1.0,130,710,731,744,742,744,130,3801
twitter.com/ucoz_ru/status/666979519035793408/photo/1,Latin,1.0,475,622,666,682,680,682,475,3807
mr-smith.pw,Russian,1.0,133,711,732,745,743,745,133,3809
m.vk.com/wall-28741529_46403,Russian,1.0,476,623,667,683,681,683,476,3813
facebook.com/upartner.pro,English,1.0,178,703,724,737,735,737,178,3814
passport.yandex.ru/auth?retpath=https%3A%2F%2Fmetrika.yandex.ru%2Fdashboard%3Ffrom%3Dinformer%26id%3D6659305,Kyrgyz,1.0,135,712,733,746,744,746,135,3816
uTemplate.pro,,,477,624,668,684,682,684,477,3819
ok.ru/group/54913425342485,Russian,1.0,179,704,725,738,736,738,179,3820
ucoz.ru/qa,Russian,1.0,426,636,680,694,692,694,426,3822
twitter.com/ucoz_ru/status/669516024555925504/photo/1,Latin,1.0,478,625,669,685,683,685,478,3825
twitter.com/upartner_pro,Latin,1.0,180,705,726,739,737,739,180,3826
photorama.ucoz.com,Russian,1.0,427,637,681,695,693,695,427,3828
twitter.com/ucoz_ru/status/664082842142527488/photo/1,Latin,1.0,479,626,670,686,684,686,479,3831
forum.ucoz.ru/forum/79,Russian,1.0,181,706,727,740,738,740,181,3832
ucoz.ru/qa/index.php/erudit-result,Russian,1.0,428,638,682,696,694,696,428,3834
uGarts.pro,Russian,1.0,480,627,671,687,685,687,480,3837
plus.google.com/103203810739019141539/posts,Russian,1.0,182,707,728,741,739,741,182,3838
ucoz.ru/qa/index.php/erudit,Russian,1.0,429,639,683,697,695,697,429,3840
uscript.pro/shop/91/item/smena-logina-polzovatelem,Russian,1.0,481,628,672,688,686,688,481,3843
m.vk.com/upartner_pro,Russian,1.0,183,708,729,742,740,742,183,3844
invinitive-demo.3dn.ru,Russian,1.0,430,640,684,698,696,698,430,3846
m.vk.com/wall-28741529_46095,Russian,1.0,482,629,673,689,687,689,482,3849
upartner.pro/ukit-job,Russian,1.0,483,630,674,690,688,690,483,3855
ec.europa.eu/avservices/video/player.cfm?devurl=http%3A%2F%2Fec.europa.eu%2Favservices%2Fvideo%2Fplayer%2Fconfig.cfm&ref=I112656&videolang=EN,English,1.0,366,674,695,708,706,708,366,3857
twitter.com/ucoz_ru/status/670242018753388545/photo/1,Latin,1.0,484,631,675,691,689,691,484,3861
ec.europa.eu/news/2015/11/20151129_en.htm,English,1.0,367,675,696,709,707,709,367,3863
twitter.com/ucoz_ru/status/669878846032896000/photo/1,Latin,1.0,485,632,676,692,690,692,485,3867
ec.europa.eu/priorities/internal-market/index_en.htm,English,1.0,172,717,736,748,746,748,172,3867
europa.eu,English,1.0,368,676,697,710,708,710,368,3869
twitter.com/ucoz_ru/status/662632423109361664/photo/1,English,1.0,486,633,677,693,691,693,486,3873
ec.europa.eu/priorities/soteu/index_en.htm,English,1.0,173,718,737,749,747,749,173,3873
youtube.com/watch?v=d7lCBAc3LVM,English,1.0,369,677,698,711,709,711,369,3875
ec.europa.eu/trade/policy/in-focus/ttip,English,1.0,174,719,738,750,748,750,174,3879
ec.europa.eu/economy_finance/economic_governance,English,1.0,370,678,699,712,710,712,370,3881
m.vk.com/id168272121,Kyrgyz,0.9689666126652158,311,690,711,724,722,724,311,3882
ec.europa.eu/clima/news/articles/news_2015091801_en.htm,English,1.0,371,679,700,713,711,713,371,3887
livemaster.ru/mamamasha,Russian,1.0,314,691,712,725,723,725,314,3890
europa.eu/scadplus/european_convention/objectives_en.htm,English,1.0,372,680,701,714,712,714,372,3893
homeboutiqueblog.blogspot.ru,Polish,1.0,315,692,713,726,724,726,315,3896
ec.europa.eu/eusurvey/runner/EUCitizenship,English,1.0,373,681,702,715,713,715,373,3899
m.vk.com/shop_tilda,Russian,1.0,316,693,714,727,725,727,316,3902
ec.europa.eu/priorities/energy-union/emissions-reduction/cop21/index_en.htm,English,1.0,374,682,703,716,714,716,374,3905
instagram.com/tildamaniya,Kyrgyz,1.0,317,694,715,728,726,728,317,3908
ec.europa.eu/economy_finance/economic_governance/macroeconomic_imbalance_procedure/index_en.htm,English,1.0,375,683,704,717,715,717,375,3911
ec.europa.eu/eurostat/news/themes-in-the-spotlight/cop21,English,1.0,376,684,705,718,716,718,376,3917
dolltime.ru,Russian,1.0,321,695,716,729,727,729,321,3917
europa.eu/rapid/press-release_STATEMENT-15-6197_en.htm,English,1.0,377,685,706,719,717,719,377,3923
m.vk.com/kolibri777,Russian,1.0,326,696,717,730,728,730,326,3927
youtube.com/watch?v=NPn-IdeN85s,English,1.0,378,686,707,720,718,720,378,3929
romanna.ru/katalog/nabori,Russian,1.0,327,697,718,731,729,731,327,3933
europa.eu/rapid/press-release_IP-15-6203_en.htm,English,1.0,379,687,708,721,719,721,379,3935
toysmonopoly.ru,Russian,1.0,329,698,719,732,730,732,329,3940
youtube.com/watch?v=7TRVcnX8Vsw,English,1.0,380,688,709,722,720,722,380,3941
youtube.com/watch?v=a3qIFfyYdzA,English,1.0,381,689,710,723,721,723,381,3947
livemaster.ru/tomashevskayya,Russian,1.0,333,699,720,733,731,733,333,3949
natalya-heart-made.blogspot.ru,Ukrainian,1.0,335,700,721,734,732,734,335,3956
m.vk.com/tomashevskayyahandmade,Russian,1.0,336,701,722,735,733,735,336,3962
instagram.com/tomashevskayya,Latin,1.0,337,702,723,736,734,736,337,3968
university-mergers.eu,English,1.0,85,759,777,783,781,783,85,3968
eua.be/Libraries/governance-autonomy-funding/november-2015.pdf?sfvrsn=0,,,207,760,778,784,782,784,207,4095
eua.be/event/2015/11/19/default-calendar/10th-european-quality-assurance-forum-taking-stock-and-looking-forward,English,1.0,208,761,779,785,783,785,208,4101
bbc.co.uk/news/business-34902884,English,1.0,209,762,780,786,784,786,209,4107
eua.be,English,1.0,210,763,781,787,785,787,210,4113
eua.be/activities-services/events/event/2016/02/24/default-calendar/1st-uni-set-energy-clustering-event,English,1.0,211,764,782,788,786,788,211,4119
bbc.com/news/business-34902884,English,1.0,212,765,783,789,787,789,212,4125
twitter.com/eqar_he/status/669814184394293248,English,1.0,213,766,784,790,788,790,213,4131
qz.com/560422/a-wave-of-mergers-is-sweeping-over-european-universities,English,1.0,214,767,785,791,789,791,214,4137
twitter.com/ARESfwb_be/status/669847999217037312/photo/1,English,1.0,215,768,786,792,790,792,215,4143
twitter.com/EUCouncilPress/status/671638354497261568,English,1.0,216,769,787,793,791,793,216,4149
twitter.com/timeshighered/status/671003225357549569,English,1.0,217,770,788,794,792,794,217,4155
twitter.com/stMari/status/670242902807810050/photo/1,English,1.0,218,771,789,795,793,795,218,4161
eua.be/activities-services/news/newsitem/2015/11/19/eua-to-develop-roadmap-supporting-the-transition-towards-open-access,English,1.0,219,772,790,796,794,796,219,4167
e.mail.ru/login,Russian,1.0,487,721,739,751,749,751,487,4198
calendar.mail.ru/login?page=%2F,Latin,1.0,488,722,740,752,750,752,488,4204
top.mail.ru?from=odnoklassniki,Russian,1.0,489,723,741,753,751,753,489,4210
biz.mail.ru?utm_campaign=portal-new&utm_medium=link-new&utm_source=main,Russian,1.0,490,724,742,754,752,754,490,4216
love.mail.ru/en?from=odnoklassniki,English,1.0,491,725,743,755,753,755,491,4222
tv.mail.ru?from=odnoklassniki,Russian,1.0,492,726,744,756,754,756,492,4228
afisha.mail.ru?from=odnoklassniki,Russian,1.0,493,727,745,757,755,757,493,4234
deti.mail.ru?from=odnoklassniki,Russian,1.0,494,728,746,758,756,758,494,4240
health.mail.ru?from=odnoklassniki,Russian,1.0,495,729,747,759,757,759,495,4246
auto.mail.ru?from=odnoklassniki,Russian,1.0,496,730,748,760,758,760,496,4252
realty.mail.ru?from=odnoklassniki,Russian,1.0,497,731,749,761,759,761,497,4258
news.mail.ru?from=odnoklassniki,Russian,1.0,498,732,750,762,760,762,498,4264
eaie.org/home.html,English,1.0,74,830,841,841,839,841,74,4266
pogoda.mail.ru/prognoz/boston?from=odnoklassniki,Russian,1.0,499,733,751,763,761,763,499,4270
plus.google.com/102005043624173263804,English,1.0,75,831,842,842,840,842,75,4272
go.mail.ru?from=odnoklassniki,Kyrgyz,1.0,500,734,752,764,762,764,500,4276
instagram.com/dailymotion,English,1.0,33,845,850,850,848,850,33,4276
linkedin.com/groups/2114056,,,76,832,843,843,841,843,76,4278
apiok.ru/wiki/display/TS/Home,Russian,1.0,501,735,753,765,763,765,501,4282
twitter.com/DailymotionUSA,English,1.0,34,846,851,851,849,851,34,4282
twitter.com/TheEAIE,English,1.0,77,833,844,844,842,844,77,4284
mail.ru?from=odnoklassniki,Russian,1.0,502,736,754,766,764,766,502,4288
facebook.com/dailymotion,English,1.0,35,847,852,852,850,852,35,4288
edu.mail.ru?utm_campaign=edu-portal&utm_medium=link&utm_source=main,Russian,1.0,503,737,755,767,765,767,503,4294
hi-tech.mail.ru?from=odnoklassniki,Russian,1.0,504,738,756,768,766,768,504,4300
amisport.com.ua/shop/dlja-muzhchin/obuv,Russian,1.0,350,773,791,797,795,797,350,4303
horo.mail.ru?from=odnoklassniki,Russian,1.0,505,739,757,769,767,769,505,4306
tvoigolos.info,Russian,1.0,48,850,853,853,851,853,48,4308
facebook.com/amisport.com.ua?ref_type=bookmark,English,1.0,351,774,792,798,796,798,351,4309
fond-rd.ru,Russian,1.0,196,808,826,827,825,827,196,4309
my.mail.ru/cgi-bin/login?page=https%3A%2F%2Fmy.mail.ru%2F%3Ffrom%3Dodnoklassniki,Kyrgyz,1.0,506,740,758,770,768,770,506,4312
instagram.com/brand_vld,Latin,0.9999999999996325,49,851,854,854,852,854,49,4314
amisport.com.ua/shop/dlja-muzhchin/krossovki,Russian,1.0,352,775,793,799,797,799,352,4315
sportmarathonbet.com/su/join.htm?pref=chelseablues_branding&utm_campaign=branding&utm_content=branding&utm_medium=site&utm_source=chelseablues,Russian,1.0,197,809,827,828,826,828,197,4315
money.mail.ru?from=odnoklassniki,Kyrgyz,1.0,507,741,759,771,769,771,507,4318
gta-action.ru,Russian,1.0,50,852,855,855,853,855,50,4320
odnoklassniki.ru/group/51890324701356,Kyrgyz,1.0,353,776,794,800,798,800,353,4321
top.mail.ru/Rating/Sport-Football/Today/Visitors/1.html?from=jumpfrom,Russian,1.0,198,810,828,829,827,829,198,4321
agent.mail.ru?from=odnoklassniki,Russian,1.0,508,742,760,772,770,772,508,4324
yaca.yandex.ru/yca/cy/ch/www.igra35.ru,Russian,1.0,51,853,856,856,854,856,51,4326
amisport.com.ua/shop/dlja-zhenshhin/odezhda,Russian,1.0,354,777,795,801,799,801,354,4327
top100.rambler.ru/navi?page=1&pageCount=30&resourceId=2106935&stat=0&theme=604%2F640&view=short,Russian,1.0,199,811,829,830,828,830,199,4327
microsoft.com/en-us/legal/intellectualproperty/trademarks/en-us.aspx?clcid=0x419,Quechua,1.0,166,823,835,835,833,835,166,4327
otvet.mail.ru?from=odnoklassniki,Russian,1.0,509,743,761,773,771,773,509,4330
allbest.ru/union,Russian,1.0,52,854,857,857,855,857,52,4332
web-love.me,Russian,1.0,355,778,796,802,800,802,355,4333
ratingbet.com,Russian,1.0,200,812,830,831,829,831,200,4333
microsoft.com/en-us,English,1.0,167,824,836,836,834,836,167,4333
icq.com/windows/ru,Russian,1.0,510,744,762,774,772,774,510,4336
m.vk.com/id276317260,Kyrgyz,1.0,53,855,858,858,856,858,53,4338
shopeng.com.ua,Russian,1.0,356,779,797,803,801,803,356,4339
fanacmilan.com,Russian,1.0,201,813,831,832,830,832,201,4339
microsoft.com/en-us/WindowsForBusiness,English,1.0,168,825,837,837,835,837,168,4339
torg.mail.ru?from=odnoklassniki,Russian,1.0,511,745,763,775,773,775,511,4342
top100.rambler.ru/navi?page=1&pageCount=30&resourceId=1480758&stat=0&theme=448%2F451&view=short,Russian,1.0,131,835,845,845,843,845,131,4344
efo-team.com,Russian,1.0,54,856,859,859,857,859,54,4344
amisport.com.ua/shop/dlja-muzhchin,Russian,1.0,357,780,798,804,802,804,357,4345
plus.google.com/+%D0%9F%D0%BE%D1%80%D1%82%D0%B0%D0%BB%D0%9F%D0%B5%D1%81%D0%BA%D0%BE%D0%BC%D0%BC%D0%B5%D0%BD%D1%82/posts,Kyrgyz,1.0,312,789,807,813,811,813,312,4345
spadsmedia.com/aff/ln/ru/71851920,English,1.0,202,814,832,833,831,833,202,4345
microsoft.com/ru-ru/privacystatement/default.aspx,Russian,1.0,169,826,838,838,836,838,169,4345
sport.mail.ru?from=odnoklassniki,Russian,1.0,512,746,764,776,774,776,512,4348
orphus.ru,Latin,1.0,132,836,846,846,844,846,132,4350
metrika.yandex.ru/dashboard?from=informer&id=18382762,Russian,0.9999999999965832,55,857,860,860,858,860,55,4350
amisport.com.ua/shop/dlja-zhenshhin,Russian,1.0,358,781,799,805,803,805,358,4351
arsaman.ru,Russian,1.0,313,790,808,814,812,814,313,4351
soccer.ru,Russian,1.0,203,815,833,834,832,834,203,4351
windowsphone.com/ru-ru/How-to/wp8/apps/how-can-i-tell-if-an-app-has-requirements,Russian,1.0,170,827,839,839,837,839,170,4351
about.me/pavelkudinov7,Kyrgyz,0.9998305779583296,26,863,866,866,864,866,26,4351
webmechs.com,English,1.0,5,868,870,870,868,870,5,4351
s1.amigo.mail.ru?utm_campaign=browser&utm_medium=nav&utm_source=ok,Russian,1.0,513,747,765,777,775,777,513,4354
m.vk.com/igra35,Russian,1.0,56,858,861,861,859,861,56,4356
amisport.com.ua/shop/dlja-muzhchin/aksessuary-1,Russian,1.0,359,782,800,806,804,806,359,4357
windowsphone.com/ru-ru/How-to/wp8/apps/how-do-i-install-apps-from-an-sd-card,Russian,1.0,171,828,840,840,838,840,171,4357
passport.yandex.ru/auth?retpath=https%3A%2F%2Fmetrika.yandex.ru%2Fdashboard%3Ffrom%3Dinformer%26id%3D105559,Kyrgyz,1.0,134,837,847,847,845,847,134,4357
m.vk.com/kudinovpavel,Russian,1.0,27,864,867,867,865,867,27,4357
m.vk.com/monsterhighspb,Russian,1.0,6,869,871,871,869,871,6,4357
sales.mail.ru/ru/russia/odnoklassniki/latest,Russian,1.0,514,748,766,778,776,778,514,4360
fifaland.net,Russian,1.0,318,791,809,815,813,815,318,4361
hotlog.ru,Russian,1.0,57,859,862,862,860,862,57,4362
m.vk.com/amisport,Russian,1.0,360,783,801,807,805,807,360,4363
scholarsatrisk.org,,,7,870,872,872,870,872,7,4363
top.mail.ru/Rating/Science-Pedagogics/Today/Visitors/1.html?from=jumpfrom,Russian,1.0,136,838,848,848,846,848,136,4364
developer.android.com/index.html,Latin,1.0,29,865,868,868,866,868,29,4364
cloud.mail.ru?utm_campaign=cloud+promo&utm_medium=link&utm_source=portal.navi,Russian,1.0,515,749,767,779,777,779,515,4366
konami.parature.com/ics/support/ticketnewwizard.asp?style=classic,English,1.0,319,792,810,816,814,816,319,4367
passport.yandex.ru/auth?retpath=https%3A%2F%2Fmetrika.yandex.ru%2Fdashboard%3Ffrom%3Dinformer%26id%3D24503240,Kyrgyz,1.0,58,860,863,863,861,863,58,4368
amisport.com.ua/shop/dlja-zhenshhin/aksessuary,Russian,1.0,361,784,802,808,806,808,361,4369
guid.uid.me/remind,Quechua,0.9999461469137025,137,839,849,849,847,849,137,4370
youtube.com?tab=81,English,1.0,30,866,869,869,867,869,30,4370
target.my.com?utm_medium=navi&utm_source=mailru,English,1.0,516,750,768,780,778,780,516,4372
twitter.com/peskomment,Latin,1.0,320,793,811,817,815,817,320,4373
ilyaashapatov.ru,Quechua,0.5681214747476995,59,861,864,864,862,864,59,4374
amisport.com.ua/shop/dlja-muzhchin/odezhda,Russian,1.0,362,785,803,809,807,809,362,4375
lady.mail.ru?from=odnoklassniki,Russian,1.0,517,751,769,781,779,781,517,4378
pes-files.ru,Russian,1.0,322,794,812,818,816,818,322,4380
web-chip.ru,Russian,1.0,60,862,865,865,863,865,60,4380
amisport.com.ua/shop/dlja-zhenshhin/obuv,Russian,1.0,363,786,804,810,808,810,363,4381
rabota.mail.ru?from=odnoklassniki,Russian,1.0,518,752,770,782,780,782,518,4384
m.vk.com/peskomm,Russian,1.0,323,795,813,819,817,819,323,4386
twitter.com/Amisport1,Latin,1.0,364,787,805,811,809,811,364,4387
konami.jp/we/2016/online/index.php5?lang=en-us&region=ac,Quechua,0.9999417365770964,324,796,814,820,818,820,324,4392
amisport.com.ua/shop/dlja-zhenshhin/krossovki,Russian,1.0,365,788,806,812,810,812,365,4393
m.vk.com/gameto4ka,Russian,1.0,325,797,815,821,819,821,325,4398
teamfootball.info,Russian,1.0,328,798,816,822,820,822,328,4406
ru.dhgate.com/wholesale/football-wear/c024058001.html,Russian,1.0,330,799,817,823,821,823,330,4413
slot-ok.com,Russian,1.0,331,800,818,824,822,824,331,4419
myliverpool.ru,Russian,1.0,332,801,819,825,823,825,332,4425
facebook.com/ruspes?hc_location=stream,English,1.0,334,802,820,826,824,826,334,4432
wired.com/2015/12/get-lost-in-these-trippy-fluid-dynamics-gifs?mbid=social_twitter,English,1.0,871,871,873,873,873,873,871,5234
m.mlb.com/news/article/158579128/red-sox-sign-free-agent-pitcher-david-price?adbid=671817255466864640&adbpl=tw&adbpr=18479513&partnerId=as_mlb_20151201_55863716,English,1.0,872,872,874,874,874,874,872,5240
twitter.com/login?redirect_after_login=%2Fhome%3Fstatus%3DWe%2Bcan%2Ball%2Bmake%2Ba%2Bfuture%2Bfor%2B%2523SyrianScholars.%2BLearn%2Bmore%2B--%2Bow.ly%252FT3am3.%2B%2540ScholarsAtRisk,English,1.0,873,873,875,875,875,875,873,5246
twitter.com/TripleH/status/671763113285394432/photo/1,English,1.0,874,874,876,876,876,876,874,5252
twitter.com/NASA/status/671729831290257408/photo/1,English,1.0,875,875,877,877,877,877,875,5258
aliciakeys.com/vault_videos/ak-empire-episode-behind-the-scenes,English,1.0,876,876,878,878,878,878,876,5264
linkedin.com/start/join?session_redirect=https%3A%2F%2Fwww.linkedin.com%2Fgroups%2F2250433&trk=login_reg_redirect,English,1.0,877,877,879,879,879,879,877,5270
windowsphone.com/en-us/store/terms-of-service,English,1.0,878,878,880,880,880,880,878,5276
itunes.apple.com/us/album/made-in-a.m.-deluxe-edition/id1040170924?app=itunes&ign-mpt=uo%3D4,English,1.0,879,879,881,881,881,881,879,5282
twitter.com/Skrillex/status/671913903618523136/photo/1,English,1.0,880,880,882,882,882,882,880,5288
celebritybabies.people.com/2015/12/02/sandra-bullock-adopts-daughter-laila-people-exclusive-cover?xid=socialflow_twitter_peoplemag,English,1.0,881,881,883,883,883,883,881,5294
twitter.com/MLB/status/671817255466864640/photo/1,English,1.0,882,882,884,884,884,884,882,5300
twitter.com/aliciakeys/status/672142310633795584/photo/1,English,1.0,883,883,885,885,885,885,883,5306
linkedin.com/start/join?session_redirect=https%3A%2F%2Fwww.linkedin.com%2Fgroups%2F2114056&trk=login_reg_redirect,English,1.0,884,884,886,886,886,886,884,5312
facebook.com/login.php?next=https%3A%2F%2Fwww.facebook.com%2Fapp_scoped_user_id%2F1152023464825583%2F,English,1.0,885,885,887,887,887,887,885,5318
twitter.com/login?redirect_after_login=%2Fhome%3Fstatus%3DSee%2Bhow%2B%2523HigherEd%2Bcan%2Bhelp%2Brefugee%2Bscholars%2Band%2Bstudents%2B--%2Bow.ly%252FSXa0p%2B%2523SyrianScholars,English,1.0,886,886,888,888,888,888,886,5324
sdo.gsfc.nasa.gov/gallery/potw/item/681?linkId=19204060,English,1.0,887,887,889,889,889,889,887,5330
twitter.com/nytimes/status/672139564346187776,English,1.0,888,888,890,890,890,890,888,5336
twitter.com/LukeBryanOnline/status/671828019963494400/photo/1,English,1.0,890,890,891,891,891,891,890,5344
twitter.com/onedirection/status/671735576706482176/photo/1,English,1.0,891,891,892,892,892,892,891,5350
twitter.com/tim_cook/status/671793179767672834/photo/1,English,1.0,892,892,893,893,893,893,892,5356
twitter.com/WIRED/status/672152539006173184/photo/1,English,1.0,893,893,894,894,894,894,893,5362
twitter.com/CuteEmergency/status/671832401107099648/photo/1,English,1.0,894,894,895,895,895,895,894,5368
twitter.com/accesshollywood/status/672150825523785729/photo/1,English,1.0,895,895,896,896,896,896,895,5374
nfl.com/now/10103061-7033-0000-0059-2498208570c0?campaign=social-share&campaign=tw-nf-sf16258718-sf16258718,"Haitian, Haitian Creole",1.0,896,896,897,897,897,897,896,5380
twitter.com/NBCTheVoice/status/671868490849062912/photo/1,English,1.0,897,897,898,898,898,898,897,5386
twitter.com/KrisJenner/status/671906482720342016/photo/1,English,1.0,898,898,899,899,899,899,898,5392
twitter.com/HistoricalPics/status/671792631412858881/photo/1,English,1.0,899,899,900,900,900,900,899,5398
twitter.com/people/status/672038545389953026/photo/1,English,1.0,900,900,901,901,901,901,900,5404
dobro.mail.ru,Russian,1.0,901,901,902,902,902,902,901,5410
twitter.com/NBA/status/671844007069265922/video/1,English,1.0,902,902,903,903,903,903,902,5416
accesshollywood.com/galleries/britney-spears-her-sexiest-styles-of-all-time-3541,English,1.0,903,903,904,904,904,904,903,5422
linkedin.com/uas/login?session_redirect=https%3A%2F%2Fwww.linkedin.com%2FpostLogin%3Fsession_rikey%3Djo1mGSxrV1N7VJGYcdiwb8bdJSgzLoyMf4Ki6IZdsczYKngo9JGQxfUcw74Ro-kBPsKn8p2UavD15rMoOC5DCy6YJP0clSWUY8d%26l%3Dhttps%253A%252F%252Fwww%252Elinkedin%252Ecom%252FshareArticle%253Fmini%253Dtrue%2526source%253DEventbrite%2526title%253DAcademic%252BFreedom%25252C%252BFree%252BExpression%25252C%252B%252526%252BChina%252527s%252BQuest%252Bfor%252BWorld-Class%252BUniversities%2526url%253Dhttp%25253A%25252F%25252Fendangeredscholars%25252Eeventbrite%25252Ecom%25252F%25253Faff%25253Desli%252526utm_source%25253Dli%252526utm_medium%25253Ddiscovery%252526utm_content%25253Dattendeeshare%252526utm_campaign%25253Dsocial%252526utm_term%25253Dlisting%26id%3D0%26b%3Db12fa831-7e38-436f-89ea-39f882a15063%26h%3DwfmX%26m%3DGET,English,1.0,904,904,905,905,905,905,904,5428
twitter.com/login?redirect_after_login=%2Fhome%3Fstatus%3DCheck%2Bout%2Bthis%2Binspiring%2Bstory%2Bfrom%2BNaila%2BAl-Atrash%253A%2Bow.ly%252FSR8G6.%2B%2540ScholarsAtRisk%2B%2523SyrianRefugees,English,1.0,905,905,906,906,906,906,905,5434
twitter.com/NFL/status/672150808696332289/photo/1,English,1.0,906,906,907,907,907,907,906,5440
chanel.com/en_WW/fashion.html?WT.mc_id=FA_en_WW_20151119_16ATeaser&WT.mc_t=sma,English,1.0,907,907,908,908,908,908,907,5446
wordpress.org,English,1.0,908,908,909,909,909,909,908,5452
twitter.com/login?redirect_after_login=%2Fhome%3Fstatus%3DRenowned%2BSyrian%2Bdirector%2Band%2Bscholar%2Bfinds%2Brefuge%2Bthrough%2B%2540ScholarsAtRisk%2B--%2Bow.ly%252FSX9GD%2B%2523SyrianScholars,English,1.0,910,910,910,910,910,910,910,5460
amp.twimg.com/v/1176cf7f-bb62-4dd4-9a27-be690b7b75b9,English,1.0,911,911,911,911,911,911,911,5466
